-- MySQL dump 10.13  Distrib 5.7.30, for Linux (x86_64)
--
-- Host: localhost    Database: vk_0_2
-- ------------------------------------------------------
-- Server version	5.7.30-0ubuntu0.16.04.1

/*!40101 SET @OLD_CHARACTER_SET_CLIENT=@@CHARACTER_SET_CLIENT */;
/*!40101 SET @OLD_CHARACTER_SET_RESULTS=@@CHARACTER_SET_RESULTS */;
/*!40101 SET @OLD_COLLATION_CONNECTION=@@COLLATION_CONNECTION */;
/*!40101 SET NAMES utf8 */;
/*!40103 SET @OLD_TIME_ZONE=@@TIME_ZONE */;
/*!40103 SET TIME_ZONE='+00:00' */;
/*!40014 SET @OLD_UNIQUE_CHECKS=@@UNIQUE_CHECKS, UNIQUE_CHECKS=0 */;
/*!40014 SET @OLD_FOREIGN_KEY_CHECKS=@@FOREIGN_KEY_CHECKS, FOREIGN_KEY_CHECKS=0 */;
/*!40101 SET @OLD_SQL_MODE=@@SQL_MODE, SQL_MODE='NO_AUTO_VALUE_ON_ZERO' */;
/*!40111 SET @OLD_SQL_NOTES=@@SQL_NOTES, SQL_NOTES=0 */;

--
-- Table structure for table `communities`
--

DROP TABLE IF EXISTS `communities`;
/*!40101 SET @saved_cs_client     = @@character_set_client */;
/*!40101 SET character_set_client = utf8 */;
CREATE TABLE `communities` (
  `id` int(10) unsigned NOT NULL AUTO_INCREMENT,
  `name` varchar(150) COLLATE utf8_unicode_ci NOT NULL,
  PRIMARY KEY (`id`),
  UNIQUE KEY `name` (`name`)
) ENGINE=InnoDB AUTO_INCREMENT=101 DEFAULT CHARSET=utf8 COLLATE=utf8_unicode_ci;
/*!40101 SET character_set_client = @saved_cs_client */;

--
-- Dumping data for table `communities`
--

LOCK TABLES `communities` WRITE;
/*!40000 ALTER TABLE `communities` DISABLE KEYS */;
INSERT INTO `communities` VALUES (7,'a'),(18,'amet'),(5,'aut'),(1,'corrupti'),(17,'delectus'),(11,'est'),(9,'et'),(6,'expedita'),(12,'facilis'),(3,'illo'),(8,'ipsam'),(10,'nihil'),(16,'omnis'),(4,'perferendis'),(19,'quis'),(13,'ratione'),(20,'rem'),(14,'repudiandae'),(2,'ut'),(15,'voluptas');
/*!40000 ALTER TABLE `communities` ENABLE KEYS */;
UNLOCK TABLES;

--
-- Table structure for table `communities_users`
--

DROP TABLE IF EXISTS `communities_users`;
/*!40101 SET @saved_cs_client     = @@character_set_client */;
/*!40101 SET character_set_client = utf8 */;
CREATE TABLE `communities_users` (
  `community_id` int(10) unsigned NOT NULL,
  `user_id` int(10) unsigned NOT NULL,
  PRIMARY KEY (`community_id`,`user_id`),
  KEY `communities_users_user_id_fk` (`user_id`),
  CONSTRAINT `communities_users_community_id_fk` FOREIGN KEY (`community_id`) REFERENCES `communities` (`id`) ON DELETE CASCADE,
  CONSTRAINT `communities_users_user_id_fk` FOREIGN KEY (`user_id`) REFERENCES `users` (`id`) ON DELETE CASCADE
) ENGINE=InnoDB DEFAULT CHARSET=utf8 COLLATE=utf8_unicode_ci;
/*!40101 SET character_set_client = @saved_cs_client */;

--
-- Dumping data for table `communities_users`
--

LOCK TABLES `communities_users` WRITE;
/*!40000 ALTER TABLE `communities_users` DISABLE KEYS */;
INSERT INTO `communities_users` VALUES (20,1),(3,2),(19,2),(4,3),(1,4),(7,4),(8,5),(4,6),(8,7),(1,8),(14,8),(4,9),(15,10),(17,10),(18,13),(17,14),(7,15),(7,16),(3,17),(7,17),(20,18),(3,19),(10,19),(11,19),(2,23),(19,23),(12,27),(10,29),(7,30),(17,32),(1,36),(4,37),(9,37),(18,37),(5,39),(16,40),(4,41),(10,41),(19,41),(7,42),(5,44),(7,45),(1,46),(16,46),(8,48),(14,48),(15,51),(20,52),(12,54),(10,56),(13,58),(3,60),(4,60),(4,61),(14,61),(17,61),(13,62),(1,63),(4,64),(15,64),(11,66),(12,67),(17,67),(16,68),(14,70),(2,71),(4,71),(6,73),(15,73),(16,74),(2,75),(2,77),(6,79),(4,81),(16,81),(1,82),(2,82),(5,82),(9,82),(19,83),(8,85),(12,85),(16,85),(19,85),(14,86),(17,86),(5,89),(17,90),(9,91),(3,92),(13,92),(19,92),(13,97),(14,97),(20,97),(1,99),(5,100),(11,100),(16,100);
/*!40000 ALTER TABLE `communities_users` ENABLE KEYS */;
UNLOCK TABLES;

--
-- Table structure for table `friendship`
--

DROP TABLE IF EXISTS `friendship`;
/*!40101 SET @saved_cs_client     = @@character_set_client */;
/*!40101 SET character_set_client = utf8 */;
CREATE TABLE `friendship` (
  `user_id` int(10) unsigned NOT NULL,
  `friend_id` int(10) unsigned NOT NULL,
  `status_id` int(10) unsigned NOT NULL,
  `requested_at` datetime DEFAULT CURRENT_TIMESTAMP,
  `confirmed_at` datetime DEFAULT NULL,
  PRIMARY KEY (`user_id`,`friend_id`),
  KEY `friendship_friend_id_fk` (`friend_id`),
  KEY `friendship_status_id_fk` (`status_id`),
  CONSTRAINT `friendship_friend_id_fk` FOREIGN KEY (`friend_id`) REFERENCES `users` (`id`) ON DELETE CASCADE,
  CONSTRAINT `friendship_status_id_fk` FOREIGN KEY (`status_id`) REFERENCES `friendship_statuses` (`id`) ON DELETE CASCADE,
  CONSTRAINT `friendship_user_id_fk` FOREIGN KEY (`user_id`) REFERENCES `users` (`id`) ON DELETE CASCADE
) ENGINE=InnoDB DEFAULT CHARSET=utf8 COLLATE=utf8_unicode_ci;
/*!40101 SET character_set_client = @saved_cs_client */;

--
-- Dumping data for table `friendship`
--

LOCK TABLES `friendship` WRITE;
/*!40000 ALTER TABLE `friendship` DISABLE KEYS */;
INSERT INTO `friendship` VALUES (3,64,2,'2019-06-26 00:40:06','2010-08-15 13:25:40'),(5,82,3,'2013-01-02 01:22:52','2017-10-03 06:02:27'),(6,16,1,'2017-05-22 20:49:51','2015-05-08 05:53:57'),(6,43,3,'2011-11-04 00:07:38','2020-04-07 21:57:22'),(6,56,3,'2015-07-31 22:16:57','2016-09-30 14:00:01'),(8,67,3,'2015-01-26 02:18:52','2012-06-04 02:41:56'),(9,81,3,'2017-11-04 01:30:58','2012-04-18 17:26:56'),(9,93,3,'2017-03-25 12:39:03','2018-08-27 07:30:28'),(9,95,2,'2019-07-25 00:09:43','2014-12-23 21:38:43'),(11,81,3,'2017-03-09 00:05:18','2016-05-18 02:09:27'),(12,65,1,'2019-11-19 13:24:36','2015-02-27 17:31:13'),(12,93,1,'2011-07-28 21:00:24','2014-08-28 20:40:22'),(15,50,2,'2011-09-15 00:09:21','2019-04-22 07:31:33'),(15,88,3,'2018-06-17 22:58:09','2012-06-24 13:09:37'),(16,41,1,'2014-03-31 23:54:43','2019-12-19 11:37:00'),(16,66,2,'2011-06-26 02:12:24','2010-11-17 20:02:38'),(16,81,3,'2018-04-11 04:55:30','2013-12-11 20:23:22'),(17,67,2,'2016-01-28 17:02:59','2010-07-11 19:40:22'),(17,99,2,'2014-04-05 12:29:29','2019-05-03 20:02:37'),(18,55,2,'2018-02-12 10:39:19','2011-11-02 03:37:09'),(19,33,2,'2019-08-31 11:05:08','2014-03-07 04:12:19'),(19,40,1,'2016-10-26 16:39:59','2018-06-04 02:17:05'),(20,1,1,'2013-02-23 14:10:37','2020-04-20 17:13:02'),(22,96,2,'2012-11-18 00:43:06','2018-08-23 06:22:55'),(23,9,2,'2012-09-17 00:07:21','2010-07-11 19:57:14'),(23,22,1,'2012-10-29 05:17:30','2011-04-05 14:15:27'),(23,75,3,'2015-02-13 01:53:30','2013-03-15 09:47:34'),(24,33,3,'2012-09-08 11:28:01','2011-04-30 20:35:23'),(24,75,2,'2020-04-09 05:32:22','2014-01-29 13:45:26'),(25,81,1,'2014-01-13 05:08:58','2010-05-01 23:47:13'),(25,100,1,'2014-12-13 04:50:57','2015-03-17 08:37:07'),(28,90,2,'2012-08-14 10:35:50','2011-04-03 07:56:03'),(29,70,3,'2014-04-20 03:02:41','2013-04-24 03:14:52'),(31,11,1,'2017-01-27 04:17:16','2018-05-26 23:53:40'),(33,1,3,'2014-11-26 22:06:28','2015-12-07 23:12:54'),(35,40,3,'2012-04-28 17:17:51','2011-08-02 16:46:55'),(35,76,1,'2013-11-30 09:54:03','2017-01-22 12:24:13'),(36,39,3,'2012-11-18 02:48:22','2013-11-11 22:05:44'),(36,76,2,'2011-07-31 02:28:34','2016-11-12 17:49:52'),(37,78,2,'2012-01-28 11:09:48','2012-10-06 22:28:43'),(39,2,1,'2016-05-11 05:22:02','2016-01-03 14:15:30'),(40,83,1,'2011-05-10 11:37:18','2011-01-20 21:40:22'),(40,89,3,'2015-07-08 02:34:33','2020-03-24 22:59:26'),(41,45,2,'2019-02-14 00:28:18','2017-04-28 10:57:14'),(41,48,1,'2014-01-24 13:47:19','2012-06-01 03:18:30'),(41,68,3,'2010-12-29 12:54:37','2019-10-02 13:05:12'),(42,48,1,'2019-10-02 15:51:10','2014-06-27 08:06:57'),(46,4,3,'2016-10-14 08:43:29','2013-05-29 22:02:10'),(46,55,2,'2011-05-13 21:28:39','2011-09-27 03:06:06'),(46,89,2,'2013-09-25 02:03:44','2017-10-12 11:01:41'),(47,48,1,'2016-06-14 10:22:09','2015-04-20 20:13:23'),(50,21,1,'2015-06-25 01:59:42','2019-10-23 16:47:34'),(51,45,3,'2015-07-04 07:10:06','2015-08-22 09:46:11'),(52,55,1,'2015-10-25 18:33:45','2012-09-13 18:31:11'),(52,58,2,'2010-12-01 15:20:53','2018-12-30 10:46:32'),(54,78,3,'2011-02-24 19:16:51','2013-04-05 23:50:19'),(54,80,2,'2012-04-18 04:42:39','2011-04-26 13:06:05'),(56,38,1,'2011-11-25 06:23:43','2017-07-28 09:33:18'),(56,60,3,'2012-02-11 20:22:58','2019-01-15 10:57:36'),(57,3,1,'2015-07-27 12:45:32','2019-09-28 07:51:54'),(57,85,1,'2013-11-25 02:23:16','2010-12-10 14:40:29'),(58,29,3,'2016-05-07 01:52:00','2012-10-28 23:14:03'),(58,99,3,'2014-01-30 01:25:04','2011-05-20 09:59:29'),(59,76,2,'2016-01-23 19:28:21','2017-11-22 07:08:04'),(60,39,2,'2015-07-10 10:33:50','2017-06-02 19:26:46'),(61,79,2,'2014-03-30 04:22:59','2013-11-15 23:59:37'),(63,18,3,'2015-01-06 20:55:30','2014-10-06 23:19:29'),(63,24,3,'2019-08-04 17:08:00','2017-09-16 05:53:56'),(63,75,2,'2016-06-11 06:26:32','2019-08-21 03:50:25'),(65,54,2,'2018-08-08 08:18:35','2014-05-09 08:15:21'),(67,24,3,'2012-11-07 07:07:04','2016-03-20 16:28:05'),(69,95,1,'2018-12-14 03:51:11','2016-05-15 17:32:28'),(72,27,1,'2012-08-27 17:06:50','2011-03-09 15:45:18'),(72,39,2,'2014-12-22 12:45:06','2015-05-21 05:41:37'),(72,52,3,'2013-01-18 01:22:18','2011-07-05 09:57:53'),(73,8,3,'2017-07-25 10:08:29','2014-12-14 12:54:37'),(74,66,1,'2015-05-10 08:17:34','2014-10-12 13:54:21'),(75,34,2,'2013-05-15 15:48:45','2019-04-20 07:42:35'),(76,12,1,'2019-05-27 01:54:41','2014-02-17 10:00:23'),(77,81,2,'2018-11-17 02:11:42','2011-12-06 11:43:40'),(78,29,1,'2019-07-31 09:09:48','2015-11-16 22:02:28'),(80,3,3,'2011-12-18 11:44:51','2016-10-02 17:25:23'),(80,18,2,'2014-05-07 23:13:18','2014-03-19 22:51:16'),(80,69,3,'2013-07-30 03:17:16','2016-09-18 01:33:14'),(83,75,1,'2018-05-11 14:34:28','2012-03-05 14:06:42'),(84,44,3,'2019-03-05 06:47:05','2013-09-30 21:52:30'),(88,7,3,'2013-08-21 23:23:33','2011-09-06 04:40:16'),(90,34,1,'2013-05-21 19:21:03','2010-09-06 13:54:59'),(91,93,2,'2010-11-01 20:39:14','2012-07-04 20:34:47'),(92,8,1,'2016-09-30 08:22:11','2015-01-04 06:08:58'),(92,10,3,'2013-09-14 08:57:51','2016-06-28 06:14:15'),(94,65,1,'2016-03-11 21:22:50','2014-10-01 20:34:27'),(94,72,1,'2014-05-15 16:19:30','2018-05-28 08:32:15'),(95,9,2,'2013-12-05 21:33:34','2013-04-20 18:24:49'),(96,58,1,'2017-05-23 16:10:38','2016-08-28 14:57:20'),(98,31,1,'2017-05-29 07:37:39','2019-01-09 14:51:24'),(98,94,2,'2012-03-07 03:11:26','2013-04-01 02:19:55'),(99,52,1,'2010-07-21 12:01:58','2014-08-28 11:16:25'),(100,6,2,'2016-11-25 16:51:52','2020-04-10 01:13:27'),(100,97,2,'2014-02-23 07:34:56','2018-09-11 18:19:17');
/*!40000 ALTER TABLE `friendship` ENABLE KEYS */;
UNLOCK TABLES;

--
-- Table structure for table `friendship_statuses`
--

DROP TABLE IF EXISTS `friendship_statuses`;
/*!40101 SET @saved_cs_client     = @@character_set_client */;
/*!40101 SET character_set_client = utf8 */;
CREATE TABLE `friendship_statuses` (
  `id` int(10) unsigned NOT NULL AUTO_INCREMENT,
  `name` varchar(150) COLLATE utf8_unicode_ci NOT NULL,
  PRIMARY KEY (`id`),
  UNIQUE KEY `name` (`name`)
) ENGINE=InnoDB AUTO_INCREMENT=4 DEFAULT CHARSET=utf8 COLLATE=utf8_unicode_ci;
/*!40101 SET character_set_client = @saved_cs_client */;

--
-- Dumping data for table `friendship_statuses`
--

LOCK TABLES `friendship_statuses` WRITE;
/*!40000 ALTER TABLE `friendship_statuses` DISABLE KEYS */;
INSERT INTO `friendship_statuses` VALUES (2,' blocked'),(1,' follower'),(3,'friend');
/*!40000 ALTER TABLE `friendship_statuses` ENABLE KEYS */;
UNLOCK TABLES;

--
-- Table structure for table `likes`
--

DROP TABLE IF EXISTS `likes`;
/*!40101 SET @saved_cs_client     = @@character_set_client */;
/*!40101 SET character_set_client = utf8 */;
CREATE TABLE `likes` (
  `id` int(10) unsigned NOT NULL AUTO_INCREMENT,
  `user_id` int(10) unsigned NOT NULL,
  `target_id` int(10) unsigned NOT NULL,
  `target_type_id` int(10) unsigned NOT NULL,
  `created_at` datetime DEFAULT CURRENT_TIMESTAMP,
  PRIMARY KEY (`id`),
  KEY `likes_user_id_fk` (`user_id`),
  KEY `likes_target_type_id_fk` (`target_type_id`),
  CONSTRAINT `likes_target_type_id_fk` FOREIGN KEY (`target_type_id`) REFERENCES `target_types` (`id`) ON DELETE CASCADE,
  CONSTRAINT `likes_user_id_fk` FOREIGN KEY (`user_id`) REFERENCES `users` (`id`) ON DELETE CASCADE
) ENGINE=InnoDB AUTO_INCREMENT=101 DEFAULT CHARSET=latin1;
/*!40101 SET character_set_client = @saved_cs_client */;

--
-- Dumping data for table `likes`
--

LOCK TABLES `likes` WRITE;
/*!40000 ALTER TABLE `likes` DISABLE KEYS */;
INSERT INTO `likes` VALUES (1,73,57,3,'2020-05-08 12:34:08'),(2,42,21,4,'2020-05-08 12:34:08'),(3,35,36,3,'2020-05-08 12:34:08'),(4,53,50,4,'2020-05-08 12:34:08'),(5,97,15,4,'2020-05-08 12:34:08'),(6,78,37,2,'2020-05-08 12:34:08'),(7,27,91,3,'2020-05-08 12:34:08'),(8,3,88,2,'2020-05-08 12:34:08'),(9,89,53,4,'2020-05-08 12:34:08'),(10,22,22,2,'2020-05-08 12:34:08'),(11,55,40,2,'2020-05-08 12:34:08'),(12,54,65,3,'2020-05-08 12:34:08'),(13,23,21,2,'2020-05-08 12:34:08'),(14,17,75,1,'2020-05-08 12:34:08'),(15,95,3,2,'2020-05-08 12:34:08'),(16,40,11,2,'2020-05-08 12:34:08'),(17,31,58,4,'2020-05-08 12:34:08'),(18,97,2,1,'2020-05-08 12:34:08'),(19,87,78,2,'2020-05-08 12:34:08'),(20,13,74,2,'2020-05-08 12:34:08'),(21,31,62,1,'2020-05-08 12:34:08'),(22,94,20,1,'2020-05-08 12:34:08'),(23,31,1,1,'2020-05-08 12:34:08'),(24,54,35,1,'2020-05-08 12:34:08'),(25,53,29,4,'2020-05-08 12:34:08'),(26,50,88,4,'2020-05-08 12:34:08'),(27,83,45,3,'2020-05-08 12:34:08'),(28,41,80,4,'2020-05-08 12:34:08'),(29,47,99,3,'2020-05-08 12:34:08'),(30,86,60,2,'2020-05-08 12:34:08'),(31,28,12,4,'2020-05-08 12:34:08'),(32,49,15,1,'2020-05-08 12:34:08'),(33,77,11,1,'2020-05-08 12:34:08'),(34,79,27,4,'2020-05-08 12:34:08'),(35,6,39,4,'2020-05-08 12:34:08'),(36,65,95,4,'2020-05-08 12:34:08'),(37,16,37,2,'2020-05-08 12:34:08'),(38,79,79,3,'2020-05-08 12:34:08'),(39,47,65,4,'2020-05-08 12:34:08'),(40,19,46,3,'2020-05-08 12:34:08'),(41,29,23,2,'2020-05-08 12:34:08'),(42,78,2,3,'2020-05-08 12:34:08'),(43,59,74,4,'2020-05-08 12:34:08'),(44,51,72,1,'2020-05-08 12:34:08'),(45,4,6,1,'2020-05-08 12:34:08'),(46,82,48,4,'2020-05-08 12:34:08'),(47,34,80,4,'2020-05-08 12:34:08'),(48,43,27,1,'2020-05-08 12:34:08'),(49,48,20,3,'2020-05-08 12:34:08'),(50,17,18,2,'2020-05-08 12:34:08'),(51,37,69,2,'2020-05-08 12:34:08'),(52,61,5,2,'2020-05-08 12:34:08'),(53,84,99,2,'2020-05-08 12:34:08'),(54,11,31,1,'2020-05-08 12:34:08'),(55,9,85,4,'2020-05-08 12:34:08'),(56,23,28,3,'2020-05-08 12:34:08'),(57,64,11,3,'2020-05-08 12:34:08'),(58,82,20,3,'2020-05-08 12:34:08'),(59,11,89,1,'2020-05-08 12:34:08'),(60,3,72,2,'2020-05-08 12:34:08'),(61,35,24,1,'2020-05-08 12:34:08'),(62,7,88,1,'2020-05-08 12:34:08'),(63,15,29,4,'2020-05-08 12:34:08'),(64,12,60,3,'2020-05-08 12:34:08'),(65,32,73,3,'2020-05-08 12:34:08'),(66,25,19,1,'2020-05-08 12:34:08'),(67,28,87,2,'2020-05-08 12:34:08'),(68,91,6,3,'2020-05-08 12:34:08'),(69,48,78,2,'2020-05-08 12:34:08'),(70,7,90,2,'2020-05-08 12:34:08'),(71,69,62,1,'2020-05-08 12:34:08'),(72,27,28,3,'2020-05-08 12:34:08'),(73,1,32,3,'2020-05-08 12:34:08'),(74,96,5,2,'2020-05-08 12:34:08'),(75,63,9,3,'2020-05-08 12:34:08'),(76,48,73,1,'2020-05-08 12:34:08'),(77,91,90,3,'2020-05-08 12:34:08'),(78,96,61,1,'2020-05-08 12:34:08'),(79,88,98,2,'2020-05-08 12:34:08'),(80,39,16,3,'2020-05-08 12:34:08'),(81,47,56,2,'2020-05-08 12:34:08'),(82,33,44,1,'2020-05-08 12:34:08'),(83,65,65,2,'2020-05-08 12:34:08'),(84,52,71,4,'2020-05-08 12:34:08'),(85,77,91,1,'2020-05-08 12:34:08'),(86,40,30,2,'2020-05-08 12:34:08'),(87,57,95,1,'2020-05-08 12:34:08'),(88,37,71,2,'2020-05-08 12:34:08'),(89,11,18,3,'2020-05-08 12:34:08'),(90,23,49,4,'2020-05-08 12:34:08'),(91,37,53,3,'2020-05-08 12:34:08'),(92,3,57,4,'2020-05-08 12:34:08'),(93,10,22,4,'2020-05-08 12:34:08'),(94,24,87,3,'2020-05-08 12:34:08'),(95,48,53,1,'2020-05-08 12:34:08'),(96,48,76,2,'2020-05-08 12:34:08'),(97,40,97,3,'2020-05-08 12:34:08'),(98,43,13,2,'2020-05-08 12:34:08'),(99,36,73,3,'2020-05-08 12:34:08'),(100,71,80,4,'2020-05-08 12:34:08');
/*!40000 ALTER TABLE `likes` ENABLE KEYS */;
UNLOCK TABLES;

--
-- Table structure for table `media`
--

DROP TABLE IF EXISTS `media`;
/*!40101 SET @saved_cs_client     = @@character_set_client */;
/*!40101 SET character_set_client = utf8 */;
CREATE TABLE `media` (
  `id` int(10) unsigned NOT NULL AUTO_INCREMENT,
  `media_type_id` int(10) unsigned NOT NULL,
  `user_id` int(10) unsigned NOT NULL,
  `filename` varchar(255) COLLATE utf8_unicode_ci NOT NULL,
  `size` int(11) NOT NULL,
  `metadata` json DEFAULT NULL,
  `created_at` datetime DEFAULT CURRENT_TIMESTAMP,
  `updated_at` datetime DEFAULT CURRENT_TIMESTAMP ON UPDATE CURRENT_TIMESTAMP,
  PRIMARY KEY (`id`),
  KEY `media_media_type_id_fk` (`media_type_id`),
  KEY `media_user_id_fk` (`user_id`),
  CONSTRAINT `media_media_type_id_fk` FOREIGN KEY (`media_type_id`) REFERENCES `media_types` (`id`) ON DELETE CASCADE,
  CONSTRAINT `media_user_id_fk` FOREIGN KEY (`user_id`) REFERENCES `users` (`id`) ON DELETE CASCADE
) ENGINE=InnoDB AUTO_INCREMENT=101 DEFAULT CHARSET=utf8 COLLATE=utf8_unicode_ci;
/*!40101 SET character_set_client = @saved_cs_client */;

--
-- Dumping data for table `media`
--

LOCK TABLES `media` WRITE;
/*!40000 ALTER TABLE `media` DISABLE KEYS */;
INSERT INTO `media` VALUES (1,2,29,'https://dropbox/vk/qui.mprg',291948,'{\"owner\": \"Telly Turcotte\"}','2012-05-09 22:29:10','2020-05-01 13:58:30'),(2,3,33,'https://dropbox/vk/ex.mprg',1779391,'{\"owner\": \"Ethel Carroll\"}','2011-06-06 12:03:47','2020-05-01 13:58:30'),(3,2,95,'https://dropbox/vk/deserunt.avi',49777,'{\"owner\": \"Marlee Crona\"}','2010-10-24 09:37:37','2020-05-01 13:58:30'),(4,2,87,'https://dropbox/vk/harum.jpeg',7838722,'{\"owner\": \"Oma Greenholt\"}','2018-06-23 20:43:03','2020-05-01 13:58:30'),(5,2,24,'https://dropbox/vk/repellendus.avi',86748,'{\"owner\": \"Lacy Schmidt\"}','2011-03-15 01:42:06','2020-05-01 13:58:30'),(6,2,25,'https://dropbox/vk/cupiditate.png',208192,'{\"owner\": \"Ethyl D\'Amore\"}','2019-08-02 16:13:31','2020-05-01 13:58:30'),(7,2,30,'https://dropbox/vk/rerum.avi',711022,'{\"owner\": \"Hertha Keeling\"}','2013-06-01 20:50:06','2020-05-01 13:58:30'),(8,4,73,'https://dropbox/vk/non.avi',112037,'{\"owner\": \"Yasmine Bernhard\"}','2015-12-09 14:02:57','2020-05-01 13:58:30'),(9,3,32,'https://dropbox/vk/fuga.jpeg',3924257,'{\"owner\": \"Caterina Fay\"}','2019-01-15 23:52:32','2020-05-01 13:58:30'),(10,1,61,'https://dropbox/vk/minus.jpeg',245363,'{\"owner\": \"Raphael Klocko\"}','2013-10-31 16:04:59','2020-05-01 13:58:30'),(11,1,98,'https://dropbox/vk/earum.mprg',5144050,'{\"owner\": \"Nella Kertzmann\"}','2010-12-26 16:46:24','2020-05-01 13:58:30'),(12,4,75,'https://dropbox/vk/qui.mprg',922521,'{\"owner\": \"Cassie Schinner\"}','2012-09-18 00:42:47','2020-05-01 13:58:30'),(13,3,76,'https://dropbox/vk/laboriosam.png',920534,'{\"owner\": \"Silas Lebsack\"}','2019-03-08 03:59:36','2020-05-01 13:58:30'),(14,1,26,'https://dropbox/vk/maxime.jpeg',459604,'{\"owner\": \"Marcella Feeney\"}','2017-04-12 04:10:57','2020-05-01 13:58:30'),(15,1,10,'https://dropbox/vk/distinctio.jpeg',526418,'{\"owner\": \"Mateo Oberbrunner\"}','2014-11-07 12:47:32','2020-05-01 13:58:30'),(16,3,38,'https://dropbox/vk/qui.jpeg',7815,'{\"owner\": \"Elvera Barrows\"}','2011-12-28 21:30:20','2020-05-01 13:58:30'),(17,2,17,'https://dropbox/vk/excepturi.png',243280,'{\"owner\": \"Amely Turner\"}','2011-10-17 15:11:24','2020-05-01 13:58:30'),(18,3,70,'https://dropbox/vk/aliquam.avi',63252955,'{\"owner\": \"Corrine Spinka\"}','2015-08-22 04:26:54','2020-05-01 13:58:30'),(19,1,12,'https://dropbox/vk/at.jpeg',15393782,'{\"owner\": \"Oscar Hane\"}','2011-10-29 10:04:01','2020-05-01 13:58:30'),(20,3,61,'https://dropbox/vk/eaque.mprg',57281,'{\"owner\": \"Raphael Klocko\"}','2017-07-30 17:24:12','2020-05-01 13:58:30'),(21,2,3,'https://dropbox/vk/qui.avi',627146,'{\"owner\": \"Meredith Huel\"}','2015-02-06 02:56:43','2020-05-01 13:58:30'),(22,4,62,'https://dropbox/vk/hic.mprg',46582339,'{\"owner\": \"Vernon Schumm\"}','2010-11-15 11:50:57','2020-05-01 13:58:30'),(23,2,76,'https://dropbox/vk/labore.png',6976935,'{\"owner\": \"Silas Lebsack\"}','2018-05-20 09:52:48','2020-05-01 13:58:30'),(24,2,88,'https://dropbox/vk/aperiam.mprg',75946,'{\"owner\": \"Laron Hirthe\"}','2014-09-16 10:02:41','2020-05-01 13:58:30'),(25,1,47,'https://dropbox/vk/atque.avi',395891,'{\"owner\": \"Alexandrine Haag\"}','2016-02-02 05:31:11','2020-05-01 13:58:30'),(26,2,11,'https://dropbox/vk/nostrum.mprg',88016,'{\"owner\": \"Kaitlyn Schowalter\"}','2020-01-29 01:10:51','2020-05-01 13:58:30'),(27,2,26,'https://dropbox/vk/et.mprg',242410,'{\"owner\": \"Marcella Feeney\"}','2019-05-26 16:37:59','2020-05-01 13:58:30'),(28,4,1,'https://dropbox/vk/est.png',856627391,'{\"owner\": \"Nelle Orn\"}','2018-05-28 11:22:19','2020-05-01 13:58:30'),(29,1,90,'https://dropbox/vk/molestiae.jpeg',938000,'{\"owner\": \"Ali Price\"}','2018-01-14 02:34:53','2020-05-01 13:58:30'),(30,2,10,'https://dropbox/vk/soluta.avi',267111725,'{\"owner\": \"Mateo Oberbrunner\"}','2014-01-06 14:00:57','2020-05-01 13:58:30'),(31,4,90,'https://dropbox/vk/ipsum.mprg',952770,'{\"owner\": \"Ali Price\"}','2014-01-29 04:46:26','2020-05-01 13:58:30'),(32,2,38,'https://dropbox/vk/accusamus.avi',95425447,'{\"owner\": \"Elvera Barrows\"}','2015-01-17 09:07:58','2020-05-01 13:58:30'),(33,1,17,'https://dropbox/vk/aut.mprg',939850,'{\"owner\": \"Amely Turner\"}','2011-12-30 10:10:06','2020-05-01 13:58:30'),(34,1,19,'https://dropbox/vk/reiciendis.jpeg',830943,'{\"owner\": \"Gabe Hyatt\"}','2012-08-02 21:20:33','2020-05-01 13:58:30'),(35,2,63,'https://dropbox/vk/facere.jpeg',325162,'{\"owner\": \"Nayeli Auer\"}','2011-05-07 07:52:47','2020-05-01 13:58:30'),(36,4,63,'https://dropbox/vk/exercitationem.mprg',2604,'{\"owner\": \"Nayeli Auer\"}','2013-01-24 15:02:58','2020-05-01 13:58:30'),(37,3,65,'https://dropbox/vk/similique.png',122985,'{\"owner\": \"D\'angelo Kub\"}','2019-05-01 20:40:48','2020-05-01 13:58:30'),(38,1,97,'https://dropbox/vk/aspernatur.avi',629440,'{\"owner\": \"Darryl Wilkinson\"}','2018-07-08 03:18:06','2020-05-01 13:58:30'),(39,2,58,'https://dropbox/vk/sit.jpeg',768244,'{\"owner\": \"Ellis Rolfson\"}','2012-08-01 17:35:16','2020-05-01 13:58:30'),(40,4,48,'https://dropbox/vk/neque.jpeg',238509,'{\"owner\": \"Obie Boehm\"}','2013-04-23 11:51:56','2020-05-01 13:58:30'),(41,1,31,'https://dropbox/vk/quae.mprg',942903,'{\"owner\": \"Viviane Bogan\"}','2015-10-27 00:16:24','2020-05-01 13:58:30'),(42,3,49,'https://dropbox/vk/blanditiis.png',979008018,'{\"owner\": \"Triston Conn\"}','2015-05-25 04:53:46','2020-05-01 13:58:30'),(43,3,43,'https://dropbox/vk/dolores.jpeg',825689,'{\"owner\": \"Daniela Hane\"}','2012-12-02 13:46:30','2020-05-01 13:58:30'),(44,2,57,'https://dropbox/vk/dignissimos.jpeg',6329973,'{\"owner\": \"Katharina Waters\"}','2015-07-30 10:25:50','2020-05-01 13:58:30'),(45,2,76,'https://dropbox/vk/esse.avi',3841,'{\"owner\": \"Silas Lebsack\"}','2013-08-06 11:27:11','2020-05-01 13:58:30'),(46,3,32,'https://dropbox/vk/tenetur.png',399781,'{\"owner\": \"Caterina Fay\"}','2014-11-17 14:14:50','2020-05-01 13:58:30'),(47,3,13,'https://dropbox/vk/non.mprg',4672820,'{\"owner\": \"Ignatius Gibson\"}','2014-10-26 03:13:40','2020-05-01 13:58:30'),(48,3,72,'https://dropbox/vk/voluptates.avi',87035953,'{\"owner\": \"Bertha Schmitt\"}','2018-07-20 06:17:43','2020-05-01 13:58:30'),(49,2,77,'https://dropbox/vk/dolor.jpeg',160199,'{\"owner\": \"Kenton Kessler\"}','2019-04-17 07:26:23','2020-05-01 13:58:30'),(50,4,58,'https://dropbox/vk/sed.avi',591653,'{\"owner\": \"Ellis Rolfson\"}','2019-02-22 05:21:44','2020-05-01 13:58:30'),(51,2,69,'https://dropbox/vk/assumenda.jpeg',5574,'{\"owner\": \"Myriam Kutch\"}','2010-05-12 13:21:08','2020-05-01 13:58:30'),(52,1,4,'https://dropbox/vk/voluptas.jpeg',9947440,'{\"owner\": \"Vincenza Schaefer\"}','2013-12-25 14:56:48','2020-05-01 13:58:30'),(53,2,43,'https://dropbox/vk/exercitationem.png',8067,'{\"owner\": \"Daniela Hane\"}','2018-09-02 04:54:00','2020-05-01 13:58:30'),(54,4,74,'https://dropbox/vk/est.png',467666,'{\"owner\": \"Terrell Klein\"}','2016-07-09 18:48:02','2020-05-01 13:58:30'),(55,1,84,'https://dropbox/vk/quaerat.avi',98732,'{\"owner\": \"Marlee Waelchi\"}','2019-04-17 17:53:39','2020-05-01 13:58:30'),(56,1,5,'https://dropbox/vk/dolorem.png',553374,'{\"owner\": \"Deontae Mayer\"}','2011-09-27 16:56:22','2020-05-01 13:58:30'),(57,1,79,'https://dropbox/vk/aut.avi',76161,'{\"owner\": \"Lori Quitzon\"}','2019-10-18 12:37:13','2020-05-01 13:58:30'),(58,3,71,'https://dropbox/vk/illum.mprg',15534,'{\"owner\": \"Julio Tillman\"}','2014-03-02 22:56:08','2020-05-01 13:58:30'),(59,1,3,'https://dropbox/vk/ut.avi',5967,'{\"owner\": \"Meredith Huel\"}','2015-03-02 17:03:46','2020-05-01 13:58:30'),(60,2,53,'https://dropbox/vk/quam.png',353307,'{\"owner\": \"Janet Zieme\"}','2017-10-11 04:49:48','2020-05-01 13:58:30'),(61,4,93,'https://dropbox/vk/molestiae.jpeg',376376,'{\"owner\": \"Isaias Schumm\"}','2019-03-13 20:34:57','2020-05-01 13:58:30'),(62,4,43,'https://dropbox/vk/vero.avi',353873,'{\"owner\": \"Daniela Hane\"}','2017-07-09 23:43:07','2020-05-01 13:58:30'),(63,1,54,'https://dropbox/vk/qui.avi',58610043,'{\"owner\": \"Stefan Schamberger\"}','2014-08-21 17:49:43','2020-05-01 13:58:30'),(64,1,36,'https://dropbox/vk/rerum.mprg',7940842,'{\"owner\": \"Estel Marks\"}','2015-11-03 14:39:29','2020-05-01 13:58:30'),(65,2,4,'https://dropbox/vk/nobis.avi',253366,'{\"owner\": \"Vincenza Schaefer\"}','2019-09-28 23:43:30','2020-05-01 13:58:30'),(66,4,69,'https://dropbox/vk/sit.png',99241,'{\"owner\": \"Myriam Kutch\"}','2017-11-22 17:43:18','2020-05-01 13:58:30'),(67,3,12,'https://dropbox/vk/totam.png',6040985,'{\"owner\": \"Oscar Hane\"}','2012-12-30 13:09:51','2020-05-01 13:58:30'),(68,3,7,'https://dropbox/vk/impedit.mprg',53298,'{\"owner\": \"Jewell Kohler\"}','2011-01-24 13:52:03','2020-05-01 13:58:30'),(69,3,71,'https://dropbox/vk/tempora.jpeg',602696509,'{\"owner\": \"Julio Tillman\"}','2019-08-02 23:16:48','2020-05-01 13:58:30'),(70,4,55,'https://dropbox/vk/asperiores.avi',424588,'{\"owner\": \"Mireya Brown\"}','2018-04-21 00:39:21','2020-05-01 13:58:30'),(71,3,1,'https://dropbox/vk/odio.mprg',97881,'{\"owner\": \"Nelle Orn\"}','2019-03-15 12:43:01','2020-05-01 13:58:30'),(72,3,69,'https://dropbox/vk/provident.avi',1693710,'{\"owner\": \"Myriam Kutch\"}','2012-05-14 15:31:06','2020-05-01 13:58:30'),(73,4,12,'https://dropbox/vk/pariatur.mprg',957574520,'{\"owner\": \"Oscar Hane\"}','2017-02-04 01:46:15','2020-05-01 13:58:30'),(74,2,100,'https://dropbox/vk/autem.jpeg',2458198,'{\"owner\": \"Viviane Williamson\"}','2019-07-20 14:53:29','2020-05-01 13:58:30'),(75,1,65,'https://dropbox/vk/et.avi',4104980,'{\"owner\": \"D\'angelo Kub\"}','2011-10-10 17:03:43','2020-05-01 13:58:30'),(76,3,93,'https://dropbox/vk/exercitationem.mprg',75161,'{\"owner\": \"Isaias Schumm\"}','2016-04-06 21:14:05','2020-05-01 13:58:30'),(77,3,37,'https://dropbox/vk/eum.jpeg',815218,'{\"owner\": \"Elizabeth Erdman\"}','2018-09-17 09:17:34','2020-05-01 13:58:30'),(78,2,64,'https://dropbox/vk/veritatis.avi',61682531,'{\"owner\": \"Miracle Goldner\"}','2018-07-31 21:51:02','2020-05-01 13:58:30'),(79,4,50,'https://dropbox/vk/dolores.png',792324,'{\"owner\": \"Zion Kerluke\"}','2020-03-17 06:46:27','2020-05-01 13:58:30'),(80,4,19,'https://dropbox/vk/commodi.mprg',8693004,'{\"owner\": \"Gabe Hyatt\"}','2014-07-31 18:16:48','2020-05-01 13:58:30'),(81,3,91,'https://dropbox/vk/omnis.jpeg',772892,'{\"owner\": \"Meta Mann\"}','2015-01-30 15:20:30','2020-05-01 13:58:30'),(82,4,26,'https://dropbox/vk/voluptatem.mprg',5255,'{\"owner\": \"Marcella Feeney\"}','2017-01-17 21:27:40','2020-05-01 13:58:30'),(83,1,59,'https://dropbox/vk/architecto.png',505970,'{\"owner\": \"Jettie Skiles\"}','2012-09-04 22:58:22','2020-05-01 13:58:30'),(84,2,57,'https://dropbox/vk/voluptas.png',728891,'{\"owner\": \"Katharina Waters\"}','2015-03-18 07:48:05','2020-05-01 13:58:30'),(85,2,13,'https://dropbox/vk/aliquam.mprg',142877,'{\"owner\": \"Ignatius Gibson\"}','2016-02-23 01:02:52','2020-05-01 13:58:30'),(86,1,84,'https://dropbox/vk/velit.avi',6995650,'{\"owner\": \"Marlee Waelchi\"}','2012-02-12 00:57:43','2020-05-01 13:58:30'),(87,1,69,'https://dropbox/vk/non.jpeg',920481989,'{\"owner\": \"Myriam Kutch\"}','2015-12-05 10:54:42','2020-05-01 13:58:30'),(88,3,92,'https://dropbox/vk/enim.png',186475,'{\"owner\": \"Beverly Hahn\"}','2018-12-07 21:26:56','2020-05-01 13:58:30'),(89,4,90,'https://dropbox/vk/perspiciatis.mprg',55467804,'{\"owner\": \"Ali Price\"}','2018-12-07 01:51:29','2020-05-01 13:58:30'),(90,4,94,'https://dropbox/vk/voluptas.jpeg',1505,'{\"owner\": \"Adrianna Kiehn\"}','2017-06-18 08:12:24','2020-05-01 13:58:30'),(91,3,43,'https://dropbox/vk/suscipit.avi',493745,'{\"owner\": \"Daniela Hane\"}','2020-04-17 19:18:52','2020-05-01 13:58:30'),(92,4,13,'https://dropbox/vk/iste.avi',899299,'{\"owner\": \"Ignatius Gibson\"}','2012-09-16 06:20:30','2020-05-01 13:58:30'),(93,4,22,'https://dropbox/vk/voluptatem.avi',1005260,'{\"owner\": \"Shea Hessel\"}','2011-03-21 15:35:11','2020-05-01 13:58:30'),(94,4,68,'https://dropbox/vk/reiciendis.avi',318405,'{\"owner\": \"Olen Ebert\"}','2015-06-13 22:03:45','2020-05-01 13:58:30'),(95,3,74,'https://dropbox/vk/temporibus.jpeg',566243,'{\"owner\": \"Terrell Klein\"}','2013-05-09 22:57:19','2020-05-01 13:58:30'),(96,4,24,'https://dropbox/vk/qui.png',9681,'{\"owner\": \"Lacy Schmidt\"}','2016-11-30 07:15:24','2020-05-01 13:58:30'),(97,3,74,'https://dropbox/vk/et.png',872383,'{\"owner\": \"Terrell Klein\"}','2015-06-01 20:57:17','2020-05-01 13:58:30'),(98,2,67,'https://dropbox/vk/rem.png',72336,'{\"owner\": \"Ellis Smitham\"}','2018-06-10 16:37:55','2020-05-01 13:58:30'),(99,2,82,'https://dropbox/vk/inventore.jpeg',2818797,'{\"owner\": \"Johnpaul Lowe\"}','2017-10-21 08:45:50','2020-05-01 13:58:30'),(100,1,62,'https://dropbox/vk/iusto.png',866004,'{\"owner\": \"Vernon Schumm\"}','2013-07-28 20:59:23','2020-05-01 13:58:30');
/*!40000 ALTER TABLE `media` ENABLE KEYS */;
UNLOCK TABLES;

--
-- Table structure for table `media_types`
--

DROP TABLE IF EXISTS `media_types`;
/*!40101 SET @saved_cs_client     = @@character_set_client */;
/*!40101 SET character_set_client = utf8 */;
CREATE TABLE `media_types` (
  `id` int(10) unsigned NOT NULL AUTO_INCREMENT,
  `name` varchar(255) COLLATE utf8_unicode_ci NOT NULL,
  PRIMARY KEY (`id`),
  UNIQUE KEY `name` (`name`)
) ENGINE=InnoDB AUTO_INCREMENT=5 DEFAULT CHARSET=utf8 COLLATE=utf8_unicode_ci;
/*!40101 SET character_set_client = @saved_cs_client */;

--
-- Dumping data for table `media_types`
--

LOCK TABLES `media_types` WRITE;
/*!40000 ALTER TABLE `media_types` DISABLE KEYS */;
INSERT INTO `media_types` VALUES (2,' audio'),(1,' gif'),(4,' video'),(3,'picture');
/*!40000 ALTER TABLE `media_types` ENABLE KEYS */;
UNLOCK TABLES;

--
-- Table structure for table `messages`
--

DROP TABLE IF EXISTS `messages`;
/*!40101 SET @saved_cs_client     = @@character_set_client */;
/*!40101 SET character_set_client = utf8 */;
CREATE TABLE `messages` (
  `id` int(10) unsigned NOT NULL AUTO_INCREMENT,
  `from_user_id` int(10) unsigned NOT NULL,
  `to_user_id` int(10) unsigned NOT NULL,
  `community_id` int(10) unsigned NOT NULL,
  `body` text COLLATE utf8_unicode_ci NOT NULL,
  `is_important` tinyint(1) DEFAULT NULL,
  `is_delivered` tinyint(1) DEFAULT NULL,
  `created_at` datetime DEFAULT CURRENT_TIMESTAMP,
  PRIMARY KEY (`id`),
  KEY `messages_from_user_id_fk` (`from_user_id`),
  KEY `messages_to_user_id_fk` (`to_user_id`),
  KEY `messages_community_id_fk` (`community_id`),
  CONSTRAINT `messages_community_id_fk` FOREIGN KEY (`community_id`) REFERENCES `communities` (`id`) ON DELETE CASCADE,
  CONSTRAINT `messages_from_user_id_fk` FOREIGN KEY (`from_user_id`) REFERENCES `users` (`id`) ON DELETE CASCADE,
  CONSTRAINT `messages_to_user_id_fk` FOREIGN KEY (`to_user_id`) REFERENCES `users` (`id`) ON DELETE CASCADE
) ENGINE=InnoDB AUTO_INCREMENT=101 DEFAULT CHARSET=utf8 COLLATE=utf8_unicode_ci;
/*!40101 SET character_set_client = @saved_cs_client */;

--
-- Dumping data for table `messages`
--

LOCK TABLES `messages` WRITE;
/*!40000 ALTER TABLE `messages` DISABLE KEYS */;
INSERT INTO `messages` VALUES (1,50,94,17,'Minus voluptas quo quibusdam culpa facere quia. Libero illo ipsum quis nisi est blanditiis.\nSaepe sequi rem laborum ut. Id culpa veniam similique hic dolores aut. Et eveniet est qui.',1,1,'2015-11-25 23:54:46'),(2,28,50,13,'Aspernatur voluptatem non rerum placeat totam nisi deserunt accusantium. Atque voluptate tempore quia aut. Hic autem quasi alias voluptas.',1,1,'2018-02-01 15:32:26'),(3,55,59,13,'Iusto laudantium est ex consequatur. Aut omnis aperiam nam et inventore.',1,1,'2015-06-15 22:42:31'),(4,16,79,7,'Quisquam dolor id accusantium ut porro et nam. Tempora eos nesciunt voluptatem sed inventore. Rerum asperiores deserunt temporibus adipisci incidunt expedita rem.',1,1,'2011-09-02 09:01:52'),(5,46,31,15,'Doloribus nobis ea aperiam consectetur ullam dolores. Sint adipisci velit numquam magni saepe a et ut. Quae totam inventore consectetur commodi sed.',1,1,'2018-01-03 10:56:52'),(6,62,11,14,'Illum autem perferendis mollitia expedita. Ad et inventore ad optio et voluptatem consequatur tempora. Voluptatem quia et ipsam. Aliquam magni assumenda rerum dicta deleniti ea incidunt.',0,0,'2011-03-10 23:42:26'),(7,7,56,5,'Commodi ab aut temporibus natus quidem quas ex. Voluptas aliquid at aut. Eaque nostrum ipsam facilis eum est saepe eaque.',1,0,'2017-12-28 04:30:00'),(8,77,79,20,'Non a cupiditate quia nemo maiores ducimus maxime. Quaerat similique et nesciunt nemo qui praesentium molestiae. Fugiat consequatur autem nihil non. Rem natus expedita sequi corrupti nam.',0,1,'2017-09-23 08:57:01'),(9,64,7,6,'Ullam voluptatibus est dolorem excepturi est. Repellendus earum ad sit ducimus. Quia blanditiis repellendus laudantium et quae. Et et optio nihil rerum.',1,1,'2015-12-07 05:27:16'),(10,67,85,8,'Non voluptatem laborum eum sit. Illo et nam corrupti reiciendis. Nesciunt officia iste laboriosam nulla quos sed. Quis cumque magni in laudantium vero.',1,1,'2011-04-22 08:55:32'),(11,23,35,3,'Laudantium libero deserunt illo qui cupiditate. Quo praesentium rerum voluptas vero aut illo. Quibusdam enim magni officiis enim ea non.',0,1,'2013-08-19 16:43:22'),(12,80,62,10,'Consequatur iste qui voluptatem iste. Nemo quo voluptates qui ducimus molestiae pariatur sit. Labore omnis placeat consectetur recusandae maxime.',1,1,'2010-05-18 12:37:56'),(13,27,16,2,'Minus et quia consequatur similique sunt necessitatibus maxime. Et repellendus est quam vero asperiores suscipit.',1,1,'2017-03-08 07:32:44'),(14,100,31,20,'Quibusdam nobis repellat tempora minima ea. Debitis rem voluptatem officia iste architecto. Sit veritatis id mollitia voluptas.',1,1,'2018-06-30 12:45:04'),(15,33,77,13,'Sequi distinctio provident aliquam quod error. Dignissimos ipsum et et veniam molestias itaque dolor. Pariatur sint sed neque sed maxime. Natus molestiae quasi molestiae consequuntur non qui nam.',1,0,'2018-04-07 23:51:28'),(16,65,38,6,'Minus voluptate animi corrupti quisquam. Est qui et sit. Reiciendis voluptatem et qui et quia dolorum accusamus magnam.',1,1,'2015-08-08 16:44:57'),(17,59,45,9,'Voluptatem animi aut sequi et. Consequatur consectetur ratione tempora modi rem quis. Nihil molestiae aperiam culpa sunt incidunt. Voluptas voluptatem beatae voluptatem aut dolorem.',1,0,'2012-04-21 18:04:36'),(18,24,21,7,'Autem et accusantium et voluptatem. Non praesentium nisi ea inventore. Qui rerum at voluptates consequuntur id quis. Fugit in excepturi excepturi nulla ut voluptatem enim.',0,1,'2012-02-17 23:10:14'),(19,6,85,9,'Placeat sapiente accusantium totam dolores quam enim. Praesentium laborum odit mollitia. Laudantium et itaque quia omnis architecto.',0,0,'2017-04-10 05:11:51'),(20,33,52,4,'Blanditiis sequi deserunt laudantium qui. Magni aut consequuntur eos aliquid odit itaque sapiente. Eveniet sunt dolores perferendis optio necessitatibus. Dolorum fugit aliquid quasi illum et.',1,0,'2011-12-14 15:07:46'),(21,93,74,11,'Culpa adipisci quo ipsa enim. Corrupti et eum odio dicta aliquid. Repellendus ea ut cumque ea. Et omnis et et est.',0,1,'2015-01-21 10:07:11'),(22,46,54,2,'Non dolore illum qui ut cum. Ducimus in qui eius. Voluptatibus architecto suscipit facilis velit quia ut. Labore ducimus ducimus similique et velit.',1,0,'2015-02-25 14:43:18'),(23,49,80,16,'Unde odit ut magni et impedit incidunt. Tenetur sed ipsam autem autem voluptatem molestias. In et consequatur eligendi sint laudantium architecto eaque eius. Ad est odit minima recusandae rerum.',1,0,'2011-12-12 12:04:34'),(24,11,79,12,'Eligendi unde assumenda architecto. Blanditiis officia omnis nam animi similique velit. Voluptatem voluptatum maiores id sit. Temporibus qui architecto placeat odit tempora.',0,1,'2016-01-24 13:58:42'),(25,50,11,14,'Quaerat ea ut est asperiores rerum. In illo quisquam voluptatibus et dolorem occaecati voluptas ut. Repellat illum est est officiis totam. Cumque in facilis facilis consectetur.',0,0,'2015-03-30 00:34:07'),(26,20,76,12,'Quis provident nihil ea ullam praesentium. Quo maiores eum ea in doloribus. Vel voluptatem ab reiciendis consequatur voluptatem nemo. Aut optio sint et ipsa aut enim et.',0,0,'2011-05-14 08:21:32'),(27,1,34,17,'Enim voluptas eligendi at. Repellendus hic sapiente at consectetur itaque. Eveniet voluptas in velit reprehenderit. Ipsum soluta placeat ut neque exercitationem qui.',0,0,'2018-04-25 17:40:16'),(28,37,58,10,'Consequatur adipisci sit animi doloremque aut. Facere nam ex ab ut nisi. Ad cupiditate ut non fugiat. Quos et laudantium quas perferendis recusandae cum magnam. Quia veritatis qui dolor.',1,1,'2011-02-03 09:08:54'),(29,51,63,18,'Rem eum rerum soluta at. Soluta magni dolorem et voluptas quis. Aut id et eos doloremque. Dicta temporibus ea reiciendis ipsa ducimus dolore. Aut qui quod enim nisi neque.',0,0,'2016-01-11 05:36:57'),(30,72,96,19,'Quidem officia sit hic. Sunt itaque harum quia eligendi qui voluptatem nihil. Rerum numquam dolorem iure explicabo doloremque.',0,1,'2019-05-17 04:58:59'),(31,78,88,20,'Odit rerum qui sed quos. Nemo nulla dolores quis blanditiis aut eum. Rerum doloremque natus qui quae. Optio dolor id vitae optio minima quasi. Ipsum consequatur molestias ut sit porro in.',1,0,'2019-11-14 08:26:28'),(32,19,34,3,'Cupiditate reprehenderit ea quo. Assumenda sint aliquid earum. Qui itaque repellat quo nesciunt quo. Et minus sapiente est est.',1,1,'2014-09-22 01:36:35'),(33,20,83,15,'Ullam suscipit quod similique molestiae aut illum quis. Qui praesentium unde veniam officia quam quo a. Ut sit qui at ea et. Eaque harum ut labore molestias placeat accusamus.',0,1,'2012-05-16 10:17:28'),(34,38,93,7,'Quia est aut et deserunt tenetur facilis saepe quaerat. Sint excepturi quia quia dignissimos. Laboriosam similique quia placeat vel. Ut sed vitae ratione in unde quo error.',0,0,'2015-12-24 12:10:10'),(35,86,42,7,'Explicabo dignissimos est pariatur ea. Et quidem aliquid quia inventore omnis blanditiis sit quidem. Vel eum aut molestiae rerum rerum. Sint cum commodi voluptatem recusandae accusantium amet est.',1,0,'2018-08-23 04:55:55'),(36,11,62,13,'Officiis libero et est minus quia. Et fugit fugit velit unde aut architecto sint. Qui velit dolores quis fugiat. Rem maxime natus consectetur ea similique ea.',0,1,'2011-05-01 12:35:49'),(37,73,63,3,'Quas velit repudiandae qui debitis. Dolorem dolore aut est sunt eveniet eum. Illum expedita nulla necessitatibus ad culpa tempora ut.',0,0,'2017-10-01 14:21:18'),(38,80,99,19,'Debitis voluptas debitis veritatis id occaecati. Enim nisi magni vel nulla dignissimos asperiores. Nemo facilis maxime eligendi sint quia et aliquid. Amet nobis officia officiis ab.',1,1,'2016-08-25 15:11:56'),(39,7,50,2,'Inventore commodi consectetur autem provident explicabo. Reiciendis et consequuntur aspernatur et. Sit temporibus ex atque ullam delectus quidem. Molestias saepe quae accusamus modi placeat aut.',1,0,'2012-08-11 19:58:18'),(40,19,22,13,'Dolore minima maxime qui inventore. Quas laboriosam et tempora cupiditate nulla non sint. Cum et quia et rerum dolor nemo eos.',0,0,'2016-10-17 18:16:02'),(41,82,100,20,'Qui rem dolor culpa aut dolor. Doloremque voluptatem dolores eius aut. Inventore harum et est exercitationem nemo.',1,1,'2011-08-15 12:52:16'),(42,19,18,1,'Veniam non et sit. Quos tempora sequi non voluptatum.',1,1,'2012-05-18 18:01:57'),(43,9,37,3,'Officiis corporis eligendi asperiores qui consequatur consequatur saepe. Inventore tempora et et non et et suscipit. Error ut delectus quam quas autem est.',1,1,'2014-09-04 20:46:20'),(44,78,75,12,'Illum aut alias nulla facilis doloremque est quia odit. Eum velit qui aut aut quos. Quisquam magnam ea soluta itaque quo delectus ut. Quas iste commodi minus.',1,0,'2019-08-14 08:01:36'),(45,26,60,12,'Voluptatem facilis occaecati ut reprehenderit. Exercitationem dicta laboriosam ducimus et eligendi aspernatur est. Ipsam recusandae placeat fugit nostrum maiores.',0,1,'2015-12-09 21:03:37'),(46,84,71,3,'Enim perferendis repudiandae ut expedita eaque. Laborum error dignissimos soluta voluptatem necessitatibus laborum. Laudantium vel illum omnis id accusamus nihil omnis.',1,1,'2014-02-02 16:17:28'),(47,18,43,18,'Modi et quo aliquid id quia dolor quos. Assumenda assumenda quo eius quis laudantium in et sit. Illum tempora ut nisi illo.',1,1,'2017-05-15 12:29:49'),(48,86,22,2,'Vel sequi dolorum fuga dolorem et laborum animi. Voluptate dolorem rem ab quia facere soluta. Asperiores perferendis soluta et veritatis eum excepturi ut.',0,0,'2013-07-23 18:30:55'),(49,12,28,17,'Nam quibusdam rem sunt nostrum et aut ducimus. Aut voluptas rem natus nihil ab ab quod quo. Distinctio ratione et commodi. Sed temporibus quia possimus maxime.',1,0,'2015-12-22 20:03:53'),(50,99,47,15,'Molestiae veniam modi aut sequi eos quo natus. Beatae quas reprehenderit perspiciatis quia voluptatem tempore. Accusantium facere omnis praesentium officiis deleniti eaque.',0,1,'2017-07-27 06:28:44'),(51,82,28,5,'Sint saepe sequi sed quae et atque tempora. Est tenetur et dignissimos quisquam quaerat.',0,0,'2018-11-04 23:03:31'),(52,53,46,18,'Voluptatibus quam repellendus dolorem et ipsum. Labore omnis maxime amet magnam et accusamus. Accusamus voluptates ut nesciunt eveniet.',0,1,'2010-08-09 03:38:49'),(53,57,54,16,'Et excepturi quos id aliquid et fugiat. Impedit ratione sunt natus beatae non sed.',1,1,'2014-07-02 00:27:50'),(54,44,31,6,'Atque qui consectetur veritatis aliquid commodi. Officia magnam recusandae maxime repellat mollitia ipsa. Omnis non suscipit magnam quos.',1,1,'2018-08-18 00:12:49'),(55,22,57,2,'Facere magni velit quas voluptates fuga ipsam. Sit consequatur ipsum recusandae dolorem ipsam et sint. Et aut sed quam sunt.',1,1,'2018-06-01 19:50:27'),(56,43,40,12,'Quibusdam non id excepturi illo earum nemo placeat. Rerum dolore dignissimos corporis asperiores sed sed. Ad magnam est voluptate non.',0,0,'2012-03-20 23:17:10'),(57,25,58,11,'Consequuntur quam placeat illum soluta ipsa vel et. Sint aspernatur reiciendis voluptatem distinctio. Labore ut harum dolores unde. Laudantium et dolores non nesciunt quia laudantium.',1,1,'2016-04-20 21:15:11'),(58,70,44,20,'Rerum iure minus voluptatem. Asperiores sed id voluptas voluptas quia odit tempore quia. Cupiditate ut minus velit voluptas impedit sit non. Soluta sint velit officia mollitia voluptatem voluptas.',0,1,'2012-04-28 17:56:52'),(59,14,55,5,'Et tempora natus eum commodi odio. Qui sit aliquam omnis sed. Autem ut sed et aperiam. Aut nesciunt omnis beatae cum voluptas laboriosam reprehenderit.',0,0,'2015-04-28 21:31:15'),(60,6,54,3,'Tenetur rerum qui at. Autem omnis est ratione iure. Dolores quidem cumque eum. Molestias excepturi veniam mollitia fuga.',1,1,'2014-01-27 20:35:46'),(61,20,36,2,'Fugit iure dolorem harum voluptates consequatur ut totam. Eum totam libero rerum et soluta. Quia magnam hic quam sed.',1,0,'2011-04-16 10:43:02'),(62,33,88,1,'Aliquam molestiae et est rem architecto vel. Voluptates explicabo qui sunt officiis veritatis quae. Provident iste ut omnis.',1,1,'2010-10-09 21:32:33'),(63,63,45,18,'Tempora sunt animi est aliquam repellendus. Labore et dolor quas omnis labore rerum.',0,1,'2020-04-03 23:16:04'),(64,29,88,6,'Expedita aut porro qui eos corporis aut. Voluptatem aspernatur totam modi provident voluptatem eligendi possimus. Placeat eum eveniet et fuga. Enim quisquam quam mollitia quia.',0,0,'2014-06-15 20:40:40'),(65,70,10,18,'Consequatur voluptas corrupti earum dolore omnis. Veniam doloribus hic dolor natus expedita. Et nulla culpa quia enim laboriosam consequatur at. Qui consequatur quo reiciendis odio.',0,1,'2012-02-04 22:18:49'),(66,71,53,9,'Occaecati labore quos ullam commodi velit. Delectus sit omnis beatae laborum vero ipsa. Necessitatibus ut voluptatibus aut velit libero.',0,1,'2018-11-02 20:14:55'),(67,41,77,11,'Modi sed doloribus voluptatibus velit enim aut distinctio. Suscipit delectus corrupti quos neque enim. Omnis quisquam amet ut quo possimus.',1,1,'2012-09-06 09:57:22'),(68,55,47,6,'Commodi sunt nemo ut repudiandae quis itaque. Numquam praesentium autem doloribus. Perspiciatis facilis quas est eius.',1,0,'2014-07-07 04:20:50'),(69,89,60,16,'Distinctio debitis incidunt nostrum illum. Quas voluptatum veniam cumque et laborum voluptatem adipisci. Pariatur aut accusantium natus deserunt. Repudiandae corrupti fugit quam rerum aut.',0,0,'2015-08-30 21:09:58'),(70,52,66,5,'Sunt ratione quis laborum est quisquam quidem. Rerum et et blanditiis. Non temporibus consequuntur placeat aut.',1,1,'2015-02-18 03:20:38'),(71,61,86,13,'Laudantium ullam perferendis itaque excepturi quae. Asperiores voluptatum voluptatem nostrum vel est quia. Nihil ea eum quos animi error eos. Reiciendis ratione esse aut eveniet molestiae.',1,0,'2012-08-26 21:59:46'),(72,97,18,11,'Libero rerum non dolor voluptatem. Veniam numquam nisi ut vitae praesentium. Sit itaque voluptatum ut incidunt doloremque eum nam provident. Odit in sint sint itaque non odit quas.',0,0,'2011-11-02 05:39:24'),(73,79,80,15,'Vero veritatis id voluptas consectetur pariatur. Voluptates et et est eveniet exercitationem commodi saepe alias.',0,0,'2016-12-10 22:36:45'),(74,15,9,20,'Exercitationem nostrum accusantium officia omnis similique veniam ipsam. Ab nisi et illum velit occaecati. Non molestiae illo recusandae a dignissimos eaque.',0,0,'2019-12-19 11:53:05'),(75,82,79,18,'Quibusdam reiciendis sunt non et iure sapiente enim. Saepe officiis quasi rerum incidunt vero quos impedit. Temporibus eum quas magnam aliquid placeat.',0,0,'2010-10-18 19:09:21'),(76,4,49,7,'Nisi officiis vero esse doloremque distinctio unde. Vel id possimus dolores. Qui est aperiam libero laudantium dignissimos. Quas facere omnis expedita quae.',0,0,'2016-06-20 03:17:34'),(77,67,90,2,'Et corrupti soluta nostrum quas. Consequatur possimus saepe reiciendis debitis distinctio vero unde. Omnis ipsam ut tempora quaerat labore fuga ipsum.',0,1,'2013-09-11 06:53:08'),(78,87,44,7,'Libero nesciunt unde quaerat repudiandae qui et similique adipisci. In recusandae labore qui in qui. Ipsam optio quae non ipsum aut nihil.',1,1,'2018-08-06 13:36:07'),(79,50,33,11,'Nam fugit dicta tempora. Sint et eum suscipit. Quia quod nisi praesentium ut architecto molestias cum.',0,1,'2017-04-30 00:43:53'),(80,68,84,13,'Saepe quis quibusdam rem temporibus. Eligendi nihil blanditiis voluptatem corrupti officiis.',1,0,'2018-04-26 03:36:35'),(81,40,45,11,'Commodi nisi voluptatum quo. Consequatur itaque dolorem accusantium nihil omnis ab. Fuga doloremque sunt dolor velit minus totam optio est. Quo molestiae ipsa laboriosam deserunt magni voluptatem ea.',1,0,'2011-01-22 07:54:21'),(82,47,41,17,'Eligendi illo veritatis dolorum aut laborum minima sed. Eius deleniti sequi et placeat rem aliquam sint. Incidunt rerum rem placeat quia quos beatae. Nesciunt laborum et ut id sit dolor fugit.',1,0,'2017-10-31 05:18:23'),(83,42,20,10,'Quos qui laboriosam ratione et incidunt. Perspiciatis qui quidem natus sint voluptas dolores. Accusamus architecto et iure velit alias. Autem ipsum ut harum a provident nulla.',0,0,'2011-06-16 22:55:41'),(84,81,34,17,'Facere fugiat quos et exercitationem commodi magnam. Accusamus ut ipsum amet autem. Voluptatem qui omnis consequatur voluptatem deserunt ducimus. Dolores optio reiciendis libero.',1,1,'2011-02-17 19:05:01'),(85,8,16,15,'Delectus ut dicta consequatur cupiditate officia. Ab rerum ad qui natus ut nostrum. Dolore et vel maiores.',0,0,'2012-06-24 22:36:01'),(86,44,20,3,'Qui accusamus aspernatur sunt quia unde ducimus quis. Itaque voluptatem maxime quia omnis sunt a vel unde. Ea vel officia voluptatibus ex. Ullam sequi neque aliquam qui ipsum impedit.',1,0,'2013-10-14 00:09:08'),(87,33,86,10,'Id veniam repellat rerum non sint dicta est. Ipsum corporis numquam tempore doloremque dolore et laudantium. Architecto deleniti fugit est voluptates reiciendis possimus.',0,1,'2013-02-05 15:50:06'),(88,98,72,20,'Facere beatae eos nam dolor natus sit. Praesentium commodi est perferendis sed aut dicta debitis culpa.',0,1,'2013-09-30 15:40:43'),(89,10,22,9,'Quibusdam impedit ut beatae. Deleniti dolor et ducimus quis. Ratione repellendus et minus et id non magni. Neque a ut delectus laudantium vero.',1,0,'2015-01-03 16:49:00'),(90,82,90,4,'Temporibus rerum ipsa natus omnis. Ut voluptate aut maxime enim. Quia voluptatem officiis autem suscipit non. Velit officia similique voluptatem deleniti ullam atque.',0,1,'2017-06-03 12:26:44'),(91,19,30,13,'Ea est sit ab quam. Nisi voluptatem libero qui dicta. Est aspernatur qui similique et. Possimus et quisquam et natus unde enim quo illum.',1,1,'2011-06-01 09:42:47'),(92,42,76,11,'Provident tempore perferendis dolorem architecto. Eveniet repudiandae quos ut saepe eos totam eos. Quod repellendus quisquam ut ipsum laudantium consequuntur.',1,0,'2018-12-10 12:15:19'),(93,82,17,19,'Et sed nihil blanditiis numquam quia facere autem. Dolor exercitationem a non est. Voluptas nostrum quaerat eos quis iste. Quasi ipsam itaque possimus sit. Quo cumque sint earum odio.',1,1,'2011-03-24 12:20:06'),(94,2,98,19,'Animi eaque est tenetur dicta. Sapiente ut enim cupiditate exercitationem corporis animi esse. Aut soluta impedit accusamus aspernatur atque pariatur molestiae.',1,1,'2019-07-06 19:32:32'),(95,30,6,18,'Eaque sunt eum reprehenderit. Mollitia sed vitae adipisci molestiae est nulla molestiae consequatur. Molestias ullam vitae culpa omnis velit tempora ad. Et aut voluptas et vel.',0,1,'2018-07-20 16:42:21'),(96,37,49,12,'Consectetur ab maiores et fugiat soluta nihil nesciunt. Minima non repellendus amet. Recusandae officiis quidem vitae architecto dolorum ab quia sint.',1,1,'2019-01-30 00:08:35'),(97,93,82,7,'Dolor ut consequuntur quaerat ipsa similique magni temporibus. Rem quasi quia commodi harum est perferendis. Eligendi dolorum voluptatibus quam alias. Odit amet nobis provident aliquam ut.',1,0,'2014-08-17 21:19:27'),(98,38,79,20,'Voluptatem et hic nostrum aut eius qui. Recusandae molestiae repellendus ex eligendi. Non quod dignissimos autem et.',1,1,'2016-11-10 13:45:03'),(99,26,88,16,'Dolorum quia in repellat adipisci. Ea hic omnis odio ut. Iste quibusdam dicta sunt exercitationem adipisci ut. Ut iusto dolor ea molestiae omnis architecto saepe.',1,0,'2014-02-21 12:05:35'),(100,47,70,1,'Illo quaerat in a. Aut repellendus voluptatem non temporibus laborum eum odio. Dolorum adipisci fuga nesciunt fugit nisi.',1,1,'2016-03-30 13:54:37');
/*!40000 ALTER TABLE `messages` ENABLE KEYS */;
UNLOCK TABLES;

--
-- Table structure for table `posts`
--

DROP TABLE IF EXISTS `posts`;
/*!40101 SET @saved_cs_client     = @@character_set_client */;
/*!40101 SET character_set_client = utf8 */;
CREATE TABLE `posts` (
  `id` int(10) unsigned NOT NULL AUTO_INCREMENT,
  `user_id` int(10) unsigned NOT NULL,
  `community_id` int(10) unsigned DEFAULT NULL,
  `head` varchar(255) DEFAULT NULL,
  `body` text NOT NULL,
  `media_id` int(10) unsigned DEFAULT NULL,
  `created_at` datetime DEFAULT CURRENT_TIMESTAMP,
  `updated_at` datetime DEFAULT CURRENT_TIMESTAMP ON UPDATE CURRENT_TIMESTAMP,
  PRIMARY KEY (`id`),
  KEY `posts_user_id_fk` (`user_id`),
  KEY `posts_community_id_fk` (`community_id`),
  KEY `posts_media_id_fk` (`media_id`),
  CONSTRAINT `posts_community_id_fk` FOREIGN KEY (`community_id`) REFERENCES `communities` (`id`) ON DELETE CASCADE,
  CONSTRAINT `posts_media_id_fk` FOREIGN KEY (`media_id`) REFERENCES `media` (`id`) ON DELETE CASCADE,
  CONSTRAINT `posts_user_id_fk` FOREIGN KEY (`user_id`) REFERENCES `users` (`id`) ON DELETE CASCADE
) ENGINE=InnoDB AUTO_INCREMENT=101 DEFAULT CHARSET=latin1;
/*!40101 SET character_set_client = @saved_cs_client */;

--
-- Dumping data for table `posts`
--

LOCK TABLES `posts` WRITE;
/*!40000 ALTER TABLE `posts` DISABLE KEYS */;
INSERT INTO `posts` VALUES (1,85,3,'Nelle2020-05-08 13:53:22','vkautzer@example.com2020-05-08 13:53:22',99,'2020-05-08 13:53:22','2020-05-08 13:53:22'),(2,61,2,'Curtis2020-05-08 13:53:22','pkling@example.net2020-05-08 13:53:22',47,'2020-05-08 13:53:22','2020-05-08 13:53:22'),(3,16,9,'Meredith2020-05-08 13:53:22','lbauch@example.com2020-05-08 13:53:22',54,'2020-05-08 13:53:22','2020-05-08 13:53:22'),(4,47,15,'Vincenza2020-05-08 13:53:22','mlynch@example.org2020-05-08 13:53:22',18,'2020-05-08 13:53:22','2020-05-08 13:53:22'),(5,73,3,'Deontae2020-05-08 13:53:22','wolff.zena@example.net2020-05-08 13:53:22',34,'2020-05-08 13:53:22','2020-05-08 13:53:22'),(6,39,19,'Thelma2020-05-08 13:53:22','tate50@example.net2020-05-08 13:53:22',41,'2020-05-08 13:53:22','2020-05-08 13:53:22'),(7,31,6,'Jewell2020-05-08 13:53:22','blockman@example.net2020-05-08 13:53:22',51,'2020-05-08 13:53:22','2020-05-08 13:53:22'),(8,70,20,'Lily2020-05-08 13:53:22','dayton.fadel@example.net2020-05-08 13:53:22',73,'2020-05-08 13:53:22','2020-05-08 13:53:22'),(9,72,9,'Samanta2020-05-08 13:53:22','allan86@example.com2020-05-08 13:53:22',99,'2020-05-08 13:53:22','2020-05-08 13:53:22'),(10,64,5,'Mateo2020-05-08 13:53:22','connor94@example.com2020-05-08 13:53:22',19,'2020-05-08 13:53:22','2020-05-08 13:53:22'),(11,26,15,'Kaitlyn2020-05-08 13:53:22','isabelle.reilly@example.net2020-05-08 13:53:22',88,'2020-05-08 13:53:22','2020-05-08 13:53:22'),(12,21,8,'Oscar2020-05-08 13:53:22','schultz.uriel@example.com2020-05-08 13:53:22',33,'2020-05-08 13:53:22','2020-05-08 13:53:22'),(13,45,6,'Ignatius2020-05-08 13:53:22','ugaylord@example.com2020-05-08 13:53:22',4,'2020-05-08 13:53:22','2020-05-08 13:53:22'),(14,34,12,'Kayley2020-05-08 13:53:22','tiara18@example.com2020-05-08 13:53:22',83,'2020-05-08 13:53:22','2020-05-08 13:53:22'),(15,45,15,'Jaleel2020-05-08 13:53:22','wfadel@example.com2020-05-08 13:53:22',33,'2020-05-08 13:53:22','2020-05-08 13:53:22'),(16,46,6,'Saul2020-05-08 13:53:22','gwillms@example.org2020-05-08 13:53:22',99,'2020-05-08 13:53:22','2020-05-08 13:53:22'),(17,13,14,'Amely2020-05-08 13:53:22','declan90@example.org2020-05-08 13:53:22',3,'2020-05-08 13:53:22','2020-05-08 13:53:22'),(18,6,5,'Darryl2020-05-08 13:53:22','leilani09@example.net2020-05-08 13:53:22',98,'2020-05-08 13:53:22','2020-05-08 13:53:22'),(19,20,1,'Gabe2020-05-08 13:53:22','welch.kayleigh@example.net2020-05-08 13:53:22',64,'2020-05-08 13:53:22','2020-05-08 13:53:22'),(20,7,8,'Willow2020-05-08 13:53:22','bernier.oleta@example.net2020-05-08 13:53:22',78,'2020-05-08 13:53:22','2020-05-08 13:53:22'),(21,72,5,'Kirstin2020-05-08 13:53:22','lenna80@example.org2020-05-08 13:53:22',4,'2020-05-08 13:53:22','2020-05-08 13:53:22'),(22,47,5,'Shea2020-05-08 13:53:22','adaline.nitzsche@example.com2020-05-08 13:53:22',78,'2020-05-08 13:53:22','2020-05-08 13:53:22'),(23,18,12,'Gabrielle2020-05-08 13:53:22','patsy74@example.net2020-05-08 13:53:22',28,'2020-05-08 13:53:22','2020-05-08 13:53:22'),(24,70,13,'Lacy2020-05-08 13:53:22','estefania69@example.net2020-05-08 13:53:22',7,'2020-05-08 13:53:22','2020-05-08 13:53:22'),(25,44,20,'Ethyl2020-05-08 13:53:22','lucius31@example.net2020-05-08 13:53:22',60,'2020-05-08 13:53:22','2020-05-08 13:53:22'),(26,6,10,'Marcella2020-05-08 13:53:22','dickinson.antwan@example.net2020-05-08 13:53:22',24,'2020-05-08 13:53:22','2020-05-08 13:53:22'),(27,74,20,'Marilie2020-05-08 13:53:22','anicolas@example.com2020-05-08 13:53:22',58,'2020-05-08 13:53:22','2020-05-08 13:53:22'),(28,100,6,'Charlie2020-05-08 13:53:22','emil42@example.net2020-05-08 13:53:22',41,'2020-05-08 13:53:22','2020-05-08 13:53:22'),(29,20,16,'Telly2020-05-08 13:53:22','brandy26@example.com2020-05-08 13:53:22',21,'2020-05-08 13:53:22','2020-05-08 13:53:22'),(30,76,4,'Hertha2020-05-08 13:53:22','madalyn.roob@example.net2020-05-08 13:53:22',52,'2020-05-08 13:53:22','2020-05-08 13:53:22'),(31,10,19,'Viviane2020-05-08 13:53:22','qfahey@example.com2020-05-08 13:53:22',37,'2020-05-08 13:53:22','2020-05-08 13:53:22'),(32,5,3,'Caterina2020-05-08 13:53:22','austen.will@example.com2020-05-08 13:53:22',58,'2020-05-08 13:53:22','2020-05-08 13:53:22'),(33,44,9,'Ethel2020-05-08 13:53:22','macey.sauer@example.net2020-05-08 13:53:22',90,'2020-05-08 13:53:22','2020-05-08 13:53:22'),(34,17,3,'Bianka2020-05-08 13:53:22','barrett42@example.org2020-05-08 13:53:22',23,'2020-05-08 13:53:22','2020-05-08 13:53:22'),(35,71,17,'Matilde2020-05-08 13:53:22','watsica.laurianne@example.net2020-05-08 13:53:22',6,'2020-05-08 13:53:22','2020-05-08 13:53:22'),(36,79,16,'Estel2020-05-08 13:53:22','altenwerth.janie@example.com2020-05-08 13:53:22',48,'2020-05-08 13:53:22','2020-05-08 13:53:22'),(37,9,20,'Elizabeth2020-05-08 13:53:22','hammes.ansel@example.com2020-05-08 13:53:22',74,'2020-05-08 13:53:22','2020-05-08 13:53:22'),(38,68,4,'Elvera2020-05-08 13:53:22','summer59@example.org2020-05-08 13:53:22',78,'2020-05-08 13:53:22','2020-05-08 13:53:22'),(39,39,13,'Alycia2020-05-08 13:53:22','vanessa64@example.org2020-05-08 13:53:22',90,'2020-05-08 13:53:22','2020-05-08 13:53:22'),(40,67,13,'Jaida2020-05-08 13:53:22','kutch.rosella@example.org2020-05-08 13:53:22',8,'2020-05-08 13:53:22','2020-05-08 13:53:22'),(41,56,11,'Elnora2020-05-08 13:53:22','qorn@example.org2020-05-08 13:53:22',100,'2020-05-08 13:53:22','2020-05-08 13:53:22'),(42,38,18,'Savannah2020-05-08 13:53:22','maynard.metz@example.com2020-05-08 13:53:22',30,'2020-05-08 13:53:22','2020-05-08 13:53:22'),(43,83,6,'Daniela2020-05-08 13:53:22','blebsack@example.com2020-05-08 13:53:22',81,'2020-05-08 13:53:22','2020-05-08 13:53:22'),(44,27,19,'Jovani2020-05-08 13:53:22','arnoldo30@example.org2020-05-08 13:53:22',74,'2020-05-08 13:53:22','2020-05-08 13:53:22'),(45,96,12,'Mathias2020-05-08 13:53:22','jaylen.farrell@example.com2020-05-08 13:53:22',96,'2020-05-08 13:53:22','2020-05-08 13:53:22'),(46,8,11,'John2020-05-08 13:53:22','ucollins@example.org2020-05-08 13:53:22',41,'2020-05-08 13:53:22','2020-05-08 13:53:22'),(47,45,1,'Alexandrine2020-05-08 13:53:22','bo\'keefe@example.org2020-05-08 13:53:22',75,'2020-05-08 13:53:22','2020-05-08 13:53:22'),(48,69,4,'Obie2020-05-08 13:53:22','rodriguez.jerald@example.com2020-05-08 13:53:22',77,'2020-05-08 13:53:22','2020-05-08 13:53:22'),(49,33,8,'Triston2020-05-08 13:53:22','percy86@example.org2020-05-08 13:53:22',79,'2020-05-08 13:53:22','2020-05-08 13:53:22'),(50,88,20,'Zion2020-05-08 13:53:22','raleigh.cummings@example.net2020-05-08 13:53:22',35,'2020-05-08 13:53:22','2020-05-08 13:53:22'),(51,76,15,'Adrienne2020-05-08 13:53:22','maci84@example.net2020-05-08 13:53:22',36,'2020-05-08 13:53:22','2020-05-08 13:53:22'),(52,61,20,'Kamryn2020-05-08 13:53:22','kali.huel@example.net2020-05-08 13:53:22',8,'2020-05-08 13:53:22','2020-05-08 13:53:22'),(53,42,18,'Janet2020-05-08 13:53:22','wyman.joanne@example.com2020-05-08 13:53:22',10,'2020-05-08 13:53:22','2020-05-08 13:53:22'),(54,88,2,'Stefan2020-05-08 13:53:22','walsh.leilani@example.net2020-05-08 13:53:22',77,'2020-05-08 13:53:22','2020-05-08 13:53:22'),(55,58,13,'Mireya2020-05-08 13:53:22','emelia.schumm@example.com2020-05-08 13:53:22',31,'2020-05-08 13:53:22','2020-05-08 13:53:22'),(56,72,14,'Thurman2020-05-08 13:53:22','nickolas00@example.net2020-05-08 13:53:22',18,'2020-05-08 13:53:22','2020-05-08 13:53:22'),(57,88,18,'Katharina2020-05-08 13:53:22','caden.block@example.com2020-05-08 13:53:22',68,'2020-05-08 13:53:22','2020-05-08 13:53:22'),(58,79,18,'Ellis2020-05-08 13:53:22','sarina.mertz@example.org2020-05-08 13:53:22',14,'2020-05-08 13:53:22','2020-05-08 13:53:22'),(59,98,10,'Jettie2020-05-08 13:53:22','hilll.hannah@example.com2020-05-08 13:53:22',47,'2020-05-08 13:53:22','2020-05-08 13:53:22'),(60,90,2,'Kallie2020-05-08 13:53:22','xsatterfield@example.org2020-05-08 13:53:22',79,'2020-05-08 13:53:22','2020-05-08 13:53:22'),(61,65,18,'Raphael2020-05-08 13:53:22','wpowlowski@example.org2020-05-08 13:53:22',38,'2020-05-08 13:53:22','2020-05-08 13:53:22'),(62,28,6,'Vernon2020-05-08 13:53:22','jacobs.kendra@example.net2020-05-08 13:53:22',54,'2020-05-08 13:53:22','2020-05-08 13:53:22'),(63,85,13,'Nayeli2020-05-08 13:53:22','esimonis@example.com2020-05-08 13:53:22',60,'2020-05-08 13:53:22','2020-05-08 13:53:22'),(64,9,13,'Miracle2020-05-08 13:53:22','hane.macy@example.net2020-05-08 13:53:22',95,'2020-05-08 13:53:22','2020-05-08 13:53:22'),(65,80,3,'D\'angelo2020-05-08 13:53:22','von.elwin@example.com2020-05-08 13:53:22',33,'2020-05-08 13:53:22','2020-05-08 13:53:22'),(66,21,2,'Trycia2020-05-08 13:53:22','tbergstrom@example.com2020-05-08 13:53:22',64,'2020-05-08 13:53:22','2020-05-08 13:53:22'),(67,4,5,'Ellis2020-05-08 13:53:22','olarson@example.net2020-05-08 13:53:22',14,'2020-05-08 13:53:22','2020-05-08 13:53:22'),(68,95,7,'Olen2020-05-08 13:53:22','ryan09@example.com2020-05-08 13:53:22',70,'2020-05-08 13:53:22','2020-05-08 13:53:22'),(69,56,15,'Myriam2020-05-08 13:53:22','daisy55@example.com2020-05-08 13:53:22',86,'2020-05-08 13:53:22','2020-05-08 13:53:22'),(70,15,4,'Corrine2020-05-08 13:53:22','mabbott@example.org2020-05-08 13:53:22',45,'2020-05-08 13:53:22','2020-05-08 13:53:22'),(71,69,2,'Julio2020-05-08 13:53:22','ryley.emmerich@example.net2020-05-08 13:53:22',44,'2020-05-08 13:53:22','2020-05-08 13:53:22'),(72,90,4,'Bertha2020-05-08 13:53:22','wyatt59@example.org2020-05-08 13:53:22',11,'2020-05-08 13:53:22','2020-05-08 13:53:22'),(73,8,1,'Yasmine2020-05-08 13:53:22','carroll.juliana@example.com2020-05-08 13:53:22',93,'2020-05-08 13:53:22','2020-05-08 13:53:22'),(74,54,18,'Terrell2020-05-08 13:53:22','haley.seamus@example.com2020-05-08 13:53:22',83,'2020-05-08 13:53:22','2020-05-08 13:53:22'),(75,49,20,'Cassie2020-05-08 13:53:22','heaney.clement@example.org2020-05-08 13:53:22',33,'2020-05-08 13:53:22','2020-05-08 13:53:22'),(76,76,17,'Silas2020-05-08 13:53:22','herzog.trystan@example.org2020-05-08 13:53:22',78,'2020-05-08 13:53:22','2020-05-08 13:53:22'),(77,45,19,'Kenton2020-05-08 13:53:22','nwaelchi@example.org2020-05-08 13:53:22',21,'2020-05-08 13:53:22','2020-05-08 13:53:22'),(78,28,16,'Ray2020-05-08 13:53:22','ebba.o\'keefe@example.net2020-05-08 13:53:22',9,'2020-05-08 13:53:22','2020-05-08 13:53:22'),(79,10,4,'Lori2020-05-08 13:53:22','halvorson.keegan@example.net2020-05-08 13:53:22',67,'2020-05-08 13:53:22','2020-05-08 13:53:22'),(80,76,16,'Thea2020-05-08 13:53:22','stiedemann.aurore@example.com2020-05-08 13:53:22',66,'2020-05-08 13:53:22','2020-05-08 13:53:22'),(81,93,13,'Eden2020-05-08 13:53:22','jody88@example.org2020-05-08 13:53:22',44,'2020-05-08 13:53:22','2020-05-08 13:53:22'),(82,25,19,'Johnpaul2020-05-08 13:53:22','ohaag@example.net2020-05-08 13:53:22',87,'2020-05-08 13:53:22','2020-05-08 13:53:22'),(83,56,4,'Karen2020-05-08 13:53:22','esther03@example.com2020-05-08 13:53:22',31,'2020-05-08 13:53:22','2020-05-08 13:53:22'),(84,95,16,'Marlee2020-05-08 13:53:22','jaren.bednar@example.net2020-05-08 13:53:22',13,'2020-05-08 13:53:22','2020-05-08 13:53:22'),(85,26,18,'Celine2020-05-08 13:53:22','marcelino86@example.net2020-05-08 13:53:22',70,'2020-05-08 13:53:22','2020-05-08 13:53:22'),(86,79,18,'Dessie2020-05-08 13:53:22','matilda.haley@example.com2020-05-08 13:53:22',96,'2020-05-08 13:53:22','2020-05-08 13:53:22'),(87,17,20,'Oma2020-05-08 13:53:22','cummerata.fannie@example.net2020-05-08 13:53:22',42,'2020-05-08 13:53:22','2020-05-08 13:53:22'),(88,15,9,'Laron2020-05-08 13:53:22','koepp.modesto@example.com2020-05-08 13:53:22',83,'2020-05-08 13:53:22','2020-05-08 13:53:22'),(89,78,8,'Kattie2020-05-08 13:53:22','marks.bobby@example.com2020-05-08 13:53:22',64,'2020-05-08 13:53:22','2020-05-08 13:53:22'),(90,2,4,'Ali2020-05-08 13:53:22','kling.velva@example.org2020-05-08 13:53:22',80,'2020-05-08 13:53:22','2020-05-08 13:53:22'),(91,47,19,'Meta2020-05-08 13:53:22','drutherford@example.com2020-05-08 13:53:22',33,'2020-05-08 13:53:22','2020-05-08 13:53:22'),(92,81,2,'Beverly2020-05-08 13:53:22','leopold.stanton@example.net2020-05-08 13:53:22',88,'2020-05-08 13:53:22','2020-05-08 13:53:22'),(93,20,8,'Isaias2020-05-08 13:53:22','verlie50@example.net2020-05-08 13:53:22',18,'2020-05-08 13:53:22','2020-05-08 13:53:22'),(94,81,11,'Adrianna2020-05-08 13:53:22','kozey.norwood@example.net2020-05-08 13:53:22',11,'2020-05-08 13:53:22','2020-05-08 13:53:22'),(95,3,17,'Marlee2020-05-08 13:53:22','will.elliott@example.org2020-05-08 13:53:22',97,'2020-05-08 13:53:22','2020-05-08 13:53:22'),(96,42,4,'Kali2020-05-08 13:53:22','katarina20@example.net2020-05-08 13:53:22',60,'2020-05-08 13:53:22','2020-05-08 13:53:22'),(97,49,13,'Darryl2020-05-08 13:53:22','nritchie@example.org2020-05-08 13:53:22',65,'2020-05-08 13:53:22','2020-05-08 13:53:22'),(98,37,18,'Nella2020-05-08 13:53:22','braun.freida@example.com2020-05-08 13:53:22',32,'2020-05-08 13:53:22','2020-05-08 13:53:22'),(99,96,17,'Cassidy2020-05-08 13:53:22','sawayn.talia@example.org2020-05-08 13:53:22',17,'2020-05-08 13:53:22','2020-05-08 13:53:22'),(100,44,14,'Viviane2020-05-08 13:53:22','von.dolores@example.com2020-05-08 13:53:22',98,'2020-05-08 13:53:22','2020-05-08 13:53:22');
/*!40000 ALTER TABLE `posts` ENABLE KEYS */;
UNLOCK TABLES;

--
-- Table structure for table `profiles`
--

DROP TABLE IF EXISTS `profiles`;
/*!40101 SET @saved_cs_client     = @@character_set_client */;
/*!40101 SET character_set_client = utf8 */;
CREATE TABLE `profiles` (
  `user_id` int(10) unsigned NOT NULL,
  `gender` char(1) COLLATE utf8_unicode_ci NOT NULL,
  `birthday` date DEFAULT NULL,
  `city` varchar(100) COLLATE utf8_unicode_ci DEFAULT NULL,
  `country` varchar(100) COLLATE utf8_unicode_ci DEFAULT NULL,
  `photo_id` int(10) unsigned DEFAULT NULL,
  PRIMARY KEY (`user_id`),
  KEY `profiles_photo_id_fk` (`photo_id`),
  CONSTRAINT `profiles_photo_id_fk` FOREIGN KEY (`photo_id`) REFERENCES `media` (`id`) ON DELETE SET NULL,
  CONSTRAINT `profiles_user_id_fk` FOREIGN KEY (`user_id`) REFERENCES `users` (`id`) ON DELETE CASCADE
) ENGINE=InnoDB DEFAULT CHARSET=utf8 COLLATE=utf8_unicode_ci;
/*!40101 SET character_set_client = @saved_cs_client */;

--
-- Dumping data for table `profiles`
--

LOCK TABLES `profiles` WRITE;
/*!40000 ALTER TABLE `profiles` DISABLE KEYS */;
INSERT INTO `profiles` VALUES (1,'m','1977-04-27','New Mellie','Vanuatu',NULL),(2,'m','2005-08-01','Elenorhaven','Micronesia',NULL),(3,'f','2017-03-11','New Jonathonland','Kuwait',NULL),(4,'m','1971-05-07','North Marioport','Burkina Faso',NULL),(5,'m','1987-07-31','South Daisyshire','Mongolia',NULL),(6,'m','1997-12-24','Lake Kelsieton','Czech Republic',NULL),(7,'f','1982-08-24','Kosshaven','Seychelles',NULL),(8,'f','2002-11-21','Friesenport','Antigua and Barbuda',NULL),(9,'m','1992-01-23','West Monroeland','Nepal',NULL),(10,'m','1973-03-19','Jaedenhaven','Lebanon',NULL),(11,'m','1975-09-25','Alessandroview','South Africa',NULL),(12,'f','2006-09-08','Ashtonton','Greenland',NULL),(13,'m','2008-07-17','Geovannibury','Thailand',NULL),(14,'m','1995-08-16','Bradtkefurt','Trinidad and Tobago',NULL),(15,'m','1982-06-01','Ziemeport','Guinea',NULL),(16,'f','1999-12-06','North Amara','Bermuda',NULL),(17,'m','1995-05-17','Hesselport','Slovenia',NULL),(18,'m','1974-09-03','Arielport','Chile',NULL),(19,'f','1972-05-02','Salvadorberg','Suriname',NULL),(20,'m','1985-11-27','East Larissa','Papua New Guinea',NULL),(21,'f','2007-01-30','Doloresburgh','Mauritania',NULL),(22,'m','2019-03-14','Port Maddison','Brazil',NULL),(23,'f','1999-08-11','Kennaside','Uzbekistan',NULL),(24,'f','2008-09-07','Conorborough','Cayman Islands',NULL),(25,'m','1976-02-11','New Crystalside','Bosnia and Herzegovina',NULL),(26,'f','1970-01-10','East Nina','Georgia',NULL),(27,'f','2007-03-14','Jerrodstad','Azerbaijan',NULL),(28,'m','2009-01-28','New Edenport','Faroe Islands',NULL),(29,'m','2010-08-26','Balistrerimouth','Greenland',NULL),(30,'m','1983-01-28','East Addisonchester','France',NULL),(31,'f','2002-05-04','North Goldenmouth','India',NULL),(32,'m','2015-05-17','Hammesburgh','Mongolia',NULL),(33,'m','2012-01-22','Gorczanyshire','Anguilla',NULL),(34,'m','2003-11-13','North Markus','Taiwan',NULL),(35,'m','2001-03-21','Edgardoborough','Reunion',NULL),(36,'f','2013-05-24','Christiansenside','Sudan',NULL),(37,'m','2018-04-13','Rodriguezland','Guam',NULL),(38,'m','1978-07-28','Jewellside','Tajikistan',NULL),(39,'f','2004-02-18','West Chesterhaven','Aruba',NULL),(40,'f','1981-03-10','Baumbachbury','Madagascar',NULL),(41,'f','2005-07-31','South Adalbertoview','Brazil',NULL),(42,'f','1980-12-30','Monahanfurt','Montenegro',NULL),(43,'f','2010-07-10','Port Colebury','Mexico',NULL),(44,'m','2006-04-25','South Camilleshire','Australia',NULL),(45,'f','1989-02-12','South Macview','Mauritania',NULL),(46,'f','1970-12-23','Patburgh','Iraq',NULL),(47,'f','2010-01-20','East Cindy','Georgia',NULL),(48,'m','1973-04-16','North Markusstad','United Arab Emirates',NULL),(49,'m','2006-09-13','Jeanieville','Bolivia',NULL),(50,'f','2019-08-01','West Moses','Guatemala',NULL),(51,'m','1986-03-04','New Dellashire','Rwanda',NULL),(52,'m','1985-02-23','Lake Guidomouth','Azerbaijan',NULL),(53,'f','2012-05-26','New Ray','Pakistan',NULL),(54,'f','1971-05-23','South Dameon','Vietnam',NULL),(55,'f','1970-10-10','West Kaylah','Angola',NULL),(56,'m','1994-12-18','Port Aiyanaport','Italy',NULL),(57,'m','2010-09-10','Farrellport','Yemen',NULL),(58,'m','1979-04-24','Alexabury','Ukraine',NULL),(59,'f','2008-12-17','Roslynburgh','Malawi',NULL),(60,'m','1984-06-21','Jaimetown','Paraguay',NULL),(61,'m','1975-10-26','Lucienneside','Mauritius',NULL),(62,'f','2002-02-25','Felicitaborough','Oman',NULL),(63,'f','1972-12-08','New Ismael','Sweden',NULL),(64,'f','1997-07-11','North Tyrel','Saint Pierre and Miquelon',NULL),(65,'f','1993-10-18','Gradybury','Zimbabwe',NULL),(66,'m','2011-11-02','New Lavina','United States of America',NULL),(67,'f','1997-11-30','Winifredfort','Uruguay',NULL),(68,'m','1990-10-05','Lake Wellingtonberg','Cuba',NULL),(69,'m','1998-01-20','New Louisa','Nigeria',NULL),(70,'m','2014-11-12','New Michale','Barbados',NULL),(71,'f','1981-03-09','South Amirport','Guernsey',NULL),(72,'m','2012-12-13','Lake Addie','Norfolk Island',NULL),(73,'f','1978-02-22','Gutkowskiton','Vanuatu',NULL),(74,'m','1978-08-21','Port Mara','Nepal',NULL),(75,'m','1997-02-05','New Magdalena','Peru',NULL),(76,'f','2011-07-31','South Sammyborough','Niue',NULL),(77,'m','2016-01-07','Lake Hardy','Madagascar',NULL),(78,'m','1970-07-15','West Oceanebury','Peru',NULL),(79,'f','2020-03-22','West Dockstad','Ukraine',NULL),(80,'m','1970-11-04','New Maribel','Togo',NULL),(81,'f','1974-08-23','Herzogtown','Djibouti',NULL),(82,'m','2017-01-06','Kleinborough','Tonga',NULL),(83,'m','1983-01-26','North Kiannaborough','Angola',NULL),(84,'f','1980-07-29','South Nyasia','Vanuatu',NULL),(85,'m','1973-03-28','Lake Imelda','Holy See (Vatican City State)',NULL),(86,'f','2014-06-18','Port Kareemtown','Burkina Faso',NULL),(87,'f','1988-05-19','Desmondmouth','United Arab Emirates',NULL),(88,'f','1971-11-17','South Aleenview','Bulgaria',NULL),(89,'m','2017-10-29','Gustavemouth','Bangladesh',NULL),(90,'f','2007-10-15','Fayeshire','Armenia',NULL),(91,'m','1999-01-02','Cecilshire','Falkland Islands (Malvinas)',NULL),(92,'f','2014-06-01','Lake Sigrid','United States Minor Outlying Islands',NULL),(93,'m','1974-07-25','Fritschtown','Malta',NULL),(94,'f','2004-06-21','Aufderharshire','Niue',NULL),(95,'m','2000-09-25','Vandervortbury','Turks and Caicos Islands',NULL),(96,'f','1975-10-23','Abbiebury','French Southern Territories',NULL),(97,'f','2015-05-23','Wyatttown','Cote d\'Ivoire',NULL),(98,'m','2006-10-31','Port Laurettaland','Cape Verde',NULL),(99,'f','2012-04-17','Harberland','Kiribati',NULL),(100,'m','1972-06-22','Port Jeanetteberg','Solomon Islands',NULL);
/*!40000 ALTER TABLE `profiles` ENABLE KEYS */;
UNLOCK TABLES;

--
-- Table structure for table `target_types`
--

DROP TABLE IF EXISTS `target_types`;
/*!40101 SET @saved_cs_client     = @@character_set_client */;
/*!40101 SET character_set_client = utf8 */;
CREATE TABLE `target_types` (
  `id` int(10) unsigned NOT NULL AUTO_INCREMENT,
  `name` varchar(255) NOT NULL,
  `created_at` datetime DEFAULT CURRENT_TIMESTAMP,
  PRIMARY KEY (`id`),
  UNIQUE KEY `name` (`name`)
) ENGINE=InnoDB AUTO_INCREMENT=5 DEFAULT CHARSET=latin1;
/*!40101 SET character_set_client = @saved_cs_client */;

--
-- Dumping data for table `target_types`
--

LOCK TABLES `target_types` WRITE;
/*!40000 ALTER TABLE `target_types` DISABLE KEYS */;
INSERT INTO `target_types` VALUES (1,'messages','2020-05-08 12:33:32'),(2,'users','2020-05-08 12:33:32'),(3,'media','2020-05-08 12:33:32'),(4,'posts','2020-05-08 12:33:32');
/*!40000 ALTER TABLE `target_types` ENABLE KEYS */;
UNLOCK TABLES;

--
-- Table structure for table `users`
--

DROP TABLE IF EXISTS `users`;
/*!40101 SET @saved_cs_client     = @@character_set_client */;
/*!40101 SET character_set_client = utf8 */;
CREATE TABLE `users` (
  `id` int(10) unsigned NOT NULL AUTO_INCREMENT,
  `first_name` varchar(100) COLLATE utf8_unicode_ci NOT NULL,
  `last_name` varchar(100) COLLATE utf8_unicode_ci NOT NULL,
  `email` varchar(120) COLLATE utf8_unicode_ci NOT NULL,
  `phone` varchar(120) COLLATE utf8_unicode_ci NOT NULL,
  `created_at` datetime DEFAULT CURRENT_TIMESTAMP,
  `updated_at` datetime DEFAULT CURRENT_TIMESTAMP ON UPDATE CURRENT_TIMESTAMP,
  PRIMARY KEY (`id`),
  UNIQUE KEY `email` (`email`),
  UNIQUE KEY `phone` (`phone`)
) ENGINE=InnoDB AUTO_INCREMENT=101 DEFAULT CHARSET=utf8 COLLATE=utf8_unicode_ci;
/*!40101 SET character_set_client = @saved_cs_client */;

--
-- Dumping data for table `users`
--

LOCK TABLES `users` WRITE;
/*!40000 ALTER TABLE `users` DISABLE KEYS */;
INSERT INTO `users` VALUES (1,'Nelle','Orn','vkautzer@example.com','432-967-3676x6670','2014-08-29 11:24:26','2020-05-01 13:51:02'),(2,'Curtis','Jakubowski','pkling@example.net','088.210.6315x728','2016-08-07 07:51:22','2020-05-01 13:51:02'),(3,'Meredith','Huel','lbauch@example.com','02113494324','2019-06-10 19:01:54','2020-05-01 13:51:02'),(4,'Vincenza','Schaefer','mlynch@example.org','769.001.7835','2019-01-14 10:09:17','2020-05-01 13:51:02'),(5,'Deontae','Mayer','wolff.zena@example.net','1-737-179-6543x6798','2013-05-21 16:20:29','2014-08-24 08:57:38'),(6,'Thelma','Goyette','tate50@example.net','02268133890','2010-11-30 20:01:18','2013-12-21 08:47:59'),(7,'Jewell','Kohler','blockman@example.net','742-095-9694x756','2014-03-26 16:42:59','2015-12-01 10:02:38'),(8,'Lily','Rolfson','dayton.fadel@example.net','(167)979-9053','2010-06-09 23:23:38','2018-03-21 18:27:15'),(9,'Samanta','Langworth','allan86@example.com','021-697-1642x1241','2019-10-27 12:16:50','2020-05-01 13:51:02'),(10,'Mateo','Oberbrunner','connor94@example.com','931.902.4532x780','2018-11-14 08:09:57','2020-05-01 13:51:02'),(11,'Kaitlyn','Schowalter','isabelle.reilly@example.net','1-648-758-1227','2020-01-28 15:04:47','2020-05-01 13:51:02'),(12,'Oscar','Hane','schultz.uriel@example.com','(986)753-4721x480','2015-11-17 14:40:59','2017-08-10 15:13:35'),(13,'Ignatius','Gibson','ugaylord@example.com','(358)323-6156','2014-06-04 22:47:51','2019-10-15 07:15:58'),(14,'Kayley','Spinka','tiara18@example.com','+52(0)8403382055','2015-08-24 03:43:49','2018-04-04 00:59:08'),(15,'Jaleel','Ward','wfadel@example.com','1-646-749-5290','2017-10-01 01:25:20','2020-05-01 13:51:02'),(16,'Saul','Grady','gwillms@example.org','386.578.2348x702','2017-02-10 12:10:42','2020-05-01 13:51:02'),(17,'Amely','Turner','declan90@example.org','929.648.2107x436','2017-09-15 13:36:03','2020-05-01 13:51:02'),(18,'Darryl','Bayer','leilani09@example.net','653.630.5689x3124','2017-03-04 21:50:54','2019-03-29 14:17:59'),(19,'Gabe','Hyatt','welch.kayleigh@example.net','768-810-3548x133','2018-08-23 13:24:12','2020-05-01 13:51:02'),(20,'Willow','Johns','bernier.oleta@example.net','095-442-4697x853','2018-07-27 11:21:39','2020-05-01 13:51:02'),(21,'Kirstin','Kiehn','lenna80@example.org','130-442-9438x76830','2011-01-01 13:10:29','2016-03-12 14:00:04'),(22,'Shea','Hessel','adaline.nitzsche@example.com','483.373.3059','2019-05-24 11:08:36','2020-05-01 13:51:02'),(23,'Gabrielle','Toy','patsy74@example.net','328-015-4086','2014-10-10 13:25:02','2020-05-01 13:51:02'),(24,'Lacy','Schmidt','estefania69@example.net','(035)575-9535','2018-12-15 08:17:56','2020-05-01 13:51:02'),(25,'Ethyl','D\'Amore','lucius31@example.net','860.698.0124x283','2012-04-01 02:29:50','2018-06-11 05:50:38'),(26,'Marcella','Feeney','dickinson.antwan@example.net','(166)282-5513x026','2010-11-11 16:12:38','2014-11-10 00:58:50'),(27,'Marilie','Volkman','anicolas@example.com','371-815-4075x2407','2016-02-01 18:03:07','2017-03-04 12:44:09'),(28,'Charlie','Schneider','emil42@example.net','1-758-020-1300x269','2016-05-31 11:10:54','2020-05-01 13:51:02'),(29,'Telly','Turcotte','brandy26@example.com','1-707-813-7693x71670','2019-04-21 22:56:31','2020-05-01 13:51:02'),(30,'Hertha','Keeling','madalyn.roob@example.net','399.715.1232x083','2018-09-24 20:37:58','2020-05-01 13:51:02'),(31,'Viviane','Bogan','qfahey@example.com','(876)000-0492x42748','2013-09-03 00:51:42','2020-05-01 13:51:02'),(32,'Caterina','Fay','austen.will@example.com','+71(1)8232664679','2017-07-04 19:23:12','2020-05-01 13:51:02'),(33,'Ethel','Carroll','macey.sauer@example.net','007.908.6576','2010-05-16 01:57:59','2010-07-03 07:44:37'),(34,'Bianka','Boehm','barrett42@example.org','1-216-248-4859x63779','2020-01-04 09:58:47','2020-05-01 13:51:02'),(35,'Matilde','Kutch','watsica.laurianne@example.net','824-699-0654x40890','2017-06-22 10:22:59','2020-05-01 13:51:02'),(36,'Estel','Marks','altenwerth.janie@example.com','(926)282-4651','2015-07-24 01:11:07','2020-05-01 13:51:02'),(37,'Elizabeth','Erdman','hammes.ansel@example.com','06915551053','2015-03-06 23:45:31','2020-05-01 13:51:02'),(38,'Elvera','Barrows','summer59@example.org','(631)527-6893x668','2015-01-03 02:40:52','2015-04-28 17:32:50'),(39,'Alycia','Krajcik','vanessa64@example.org','1-121-134-0974x45685','2017-01-02 09:46:18','2020-05-01 13:51:02'),(40,'Jaida','Jacobi','kutch.rosella@example.org','454-363-2827x3280','2013-06-02 03:49:40','2020-05-01 13:51:02'),(41,'Elnora','Bradtke','qorn@example.org','+40(6)0789624943','2019-07-08 22:08:27','2020-05-01 13:51:02'),(42,'Savannah','Klein','maynard.metz@example.com','024.170.2841','2014-12-04 23:27:57','2019-05-24 18:50:07'),(43,'Daniela','Hane','blebsack@example.com','532.081.3393x7214','2013-01-12 15:14:39','2013-07-04 23:00:15'),(44,'Jovani','Ratke','arnoldo30@example.org','328-680-0057','2011-11-02 15:44:27','2015-03-23 22:41:20'),(45,'Mathias','Price','jaylen.farrell@example.com','+24(8)1380029518','2014-05-25 16:07:35','2018-12-12 08:49:01'),(46,'John','Littel','ucollins@example.org','219.689.7767x57545','2011-02-03 00:39:15','2011-03-13 14:34:16'),(47,'Alexandrine','Haag','bo\'keefe@example.org','945.376.0677x33392','2010-11-19 07:49:29','2020-05-01 13:51:02'),(48,'Obie','Boehm','rodriguez.jerald@example.com','1-792-261-0510x420','2019-05-01 22:28:41','2020-05-01 13:51:02'),(49,'Triston','Conn','percy86@example.org','753-656-0715x84868','2018-09-22 16:19:42','2020-05-01 13:51:02'),(50,'Zion','Kerluke','raleigh.cummings@example.net','930-812-6212x38471','2020-01-08 06:34:11','2020-05-01 13:51:02'),(51,'Adrienne','Runte','maci84@example.net','584-722-2008','2012-06-01 05:15:42','2019-12-06 11:43:54'),(52,'Kamryn','Parker','kali.huel@example.net','1-951-496-0683','2015-01-06 12:53:05','2016-03-19 04:44:39'),(53,'Janet','Zieme','wyman.joanne@example.com','1-771-376-1702x59693','2020-01-26 21:16:56','2020-05-01 13:51:02'),(54,'Stefan','Schamberger','walsh.leilani@example.net','07393913321','2019-04-16 02:02:30','2020-05-01 13:51:02'),(55,'Mireya','Brown','emelia.schumm@example.com','1-343-969-0226x7222','2014-07-04 01:35:48','2020-05-01 13:51:02'),(56,'Thurman','Stark','nickolas00@example.net','1-658-395-6715x1838','2013-04-24 05:42:28','2020-05-01 13:51:02'),(57,'Katharina','Waters','caden.block@example.com','1-569-114-6496','2016-10-26 10:24:11','2018-03-11 07:34:11'),(58,'Ellis','Rolfson','sarina.mertz@example.org','(815)434-2279x936','2019-07-16 16:20:25','2020-05-01 13:51:02'),(59,'Jettie','Skiles','hilll.hannah@example.com','1-935-017-5948x855','2010-06-25 23:16:36','2019-03-22 14:44:41'),(60,'Kallie','Kessler','xsatterfield@example.org','1-695-460-7487x8031','2018-09-02 14:38:52','2020-05-01 13:51:02'),(61,'Raphael','Klocko','wpowlowski@example.org','(276)425-2091x503','2014-10-25 07:39:44','2016-08-28 19:43:12'),(62,'Vernon','Schumm','jacobs.kendra@example.net','711.416.2071','2015-12-25 00:01:46','2019-05-07 15:39:16'),(63,'Nayeli','Auer','esimonis@example.com','690-848-8430x60049','2016-09-23 14:32:55','2020-05-01 13:51:02'),(64,'Miracle','Goldner','hane.macy@example.net','1-200-736-0423','2017-06-12 06:04:20','2018-11-28 18:02:15'),(65,'D\'angelo','Kub','von.elwin@example.com','(434)085-7253x77667','2019-10-24 07:01:59','2020-05-01 13:51:02'),(66,'Trycia','Rodriguez','tbergstrom@example.com','(442)939-6116x390','2019-08-09 04:35:32','2020-05-01 13:51:02'),(67,'Ellis','Smitham','olarson@example.net','414-654-4319x5153','2012-06-04 21:28:05','2020-05-01 13:51:02'),(68,'Olen','Ebert','ryan09@example.com','(781)546-6103x178','2019-11-14 13:27:58','2020-05-01 13:51:02'),(69,'Myriam','Kutch','daisy55@example.com','615.228.6876','2014-07-07 16:42:25','2020-05-01 13:51:02'),(70,'Corrine','Spinka','mabbott@example.org','(824)615-2595x6745','2020-02-03 18:52:15','2020-05-01 13:51:02'),(71,'Julio','Tillman','ryley.emmerich@example.net','+91(8)1407501052','2016-04-13 10:34:16','2020-05-01 13:51:02'),(72,'Bertha','Schmitt','wyatt59@example.org','1-434-079-0767x254','2013-03-30 04:26:33','2020-05-01 13:51:02'),(73,'Yasmine','Bernhard','carroll.juliana@example.com','1-966-409-1680x49125','2011-02-25 08:03:18','2020-05-01 13:51:02'),(74,'Terrell','Klein','haley.seamus@example.com','00998789521','2017-04-16 15:44:18','2020-05-01 13:51:02'),(75,'Cassie','Schinner','heaney.clement@example.org','1-255-021-2059','2010-08-12 20:10:56','2016-05-29 23:36:42'),(76,'Silas','Lebsack','herzog.trystan@example.org','+28(1)6396897688','2015-01-20 22:55:45','2020-02-12 15:46:07'),(77,'Kenton','Kessler','nwaelchi@example.org','(233)804-4565','2010-10-10 08:11:19','2014-10-14 16:54:07'),(78,'Ray','Wisozk','ebba.o\'keefe@example.net','624-372-9267x31411','2015-10-02 11:26:54','2017-01-26 03:26:48'),(79,'Lori','Quitzon','halvorson.keegan@example.net','(430)932-4805','2019-11-15 16:32:31','2020-05-01 13:51:02'),(80,'Thea','Hintz','stiedemann.aurore@example.com','1-862-188-3807','2016-04-06 03:58:49','2020-05-01 13:51:02'),(81,'Eden','Ledner','jody88@example.org','(999)207-3907','2013-04-18 15:56:46','2020-05-01 13:51:02'),(82,'Johnpaul','Lowe','ohaag@example.net','01017971756','2011-03-07 14:45:29','2016-07-28 22:26:23'),(83,'Karen','Kessler','esther03@example.com','437-976-5279x53307','2016-01-06 19:39:01','2016-07-24 07:05:20'),(84,'Marlee','Waelchi','jaren.bednar@example.net','(336)930-7389','2015-10-20 03:33:19','2020-05-01 13:51:02'),(85,'Celine','Pouros','marcelino86@example.net','848-407-2747x98709','2014-11-28 13:14:13','2019-03-08 09:08:17'),(86,'Dessie','Hermann','matilda.haley@example.com','118.016.4024','2015-07-20 06:19:04','2020-05-01 13:51:02'),(87,'Oma','Greenholt','cummerata.fannie@example.net','787.217.5934','2016-02-14 14:49:07','2020-05-01 13:51:02'),(88,'Laron','Hirthe','koepp.modesto@example.com','(546)562-0755','2013-02-28 06:14:40','2020-05-01 13:51:02'),(89,'Kattie','Schuster','marks.bobby@example.com','248.760.0599x24510','2010-11-22 16:29:15','2013-07-15 02:17:40'),(90,'Ali','Price','kling.velva@example.org','07676840106','2012-10-14 03:21:35','2020-05-01 13:51:02'),(91,'Meta','Mann','drutherford@example.com','05514388785','2017-03-12 10:20:03','2018-12-27 00:09:29'),(92,'Beverly','Hahn','leopold.stanton@example.net','213.035.9726x1602','2015-09-24 01:02:53','2018-01-07 13:38:58'),(93,'Isaias','Schumm','verlie50@example.net','1-508-066-4332x92536','2010-12-06 08:14:25','2020-01-03 16:43:16'),(94,'Adrianna','Kiehn','kozey.norwood@example.net','(517)626-9011','2013-02-02 09:04:27','2019-02-12 02:19:36'),(95,'Marlee','Crona','will.elliott@example.org','020-314-1663x3046','2017-03-20 08:37:46','2018-12-12 11:47:01'),(96,'Kali','Goyette','katarina20@example.net','(864)007-3201','2016-07-20 10:00:29','2020-05-01 13:51:02'),(97,'Darryl','Wilkinson','nritchie@example.org','681-107-0191','2016-01-12 10:57:26','2017-04-26 02:27:07'),(98,'Nella','Kertzmann','braun.freida@example.com','1-919-550-1922','2019-12-09 14:13:54','2020-05-01 13:51:02'),(99,'Cassidy','Glover','sawayn.talia@example.org','1-402-198-3718x690','2013-04-29 07:40:00','2020-05-01 13:51:02'),(100,'Viviane','Williamson','von.dolores@example.com','(035)468-7273x879','2013-07-19 06:28:55','2020-05-01 13:51:02');
/*!40000 ALTER TABLE `users` ENABLE KEYS */;
UNLOCK TABLES;

--
-- Dumping routines for database 'vk_0_2'
--
/*!40103 SET TIME_ZONE=@OLD_TIME_ZONE */;

/*!40101 SET SQL_MODE=@OLD_SQL_MODE */;
/*!40014 SET FOREIGN_KEY_CHECKS=@OLD_FOREIGN_KEY_CHECKS */;
/*!40014 SET UNIQUE_CHECKS=@OLD_UNIQUE_CHECKS */;
/*!40101 SET CHARACTER_SET_CLIENT=@OLD_CHARACTER_SET_CLIENT */;
/*!40101 SET CHARACTER_SET_RESULTS=@OLD_CHARACTER_SET_RESULTS */;
/*!40101 SET COLLATION_CONNECTION=@OLD_COLLATION_CONNECTION */;
/*!40111 SET SQL_NOTES=@OLD_SQL_NOTES */;

-- Dump completed on 2020-05-08 14:19:20
